1529364835.05231,Trading not profitable,0,15.0,41.51311526,41.51311526,0,14.96,6.1e-07,6.4e-07
1529365202.33188,Trading not profitable,0,15.0,41.51311526,41.51311526,0,14.95,6.1e-07,6.4e-07
1529365262.648727,Trading not profitable,0,15.0,41.51311526,41.51311526,0,14.96,6.1e-07,6.4e-07
1529365322.829943,Trading not profitable,0,15.0,41.51311526,41.51311526,14.96,0,6.1e-07,6.4e-07
1529365381.989674,Trading not profitable,0,15.0,41.51311526,41.51311526,0,14.95,6.1e-07,6.4e-07
1529365441.94202,Trading not profitable,0,15.0,41.51311526,41.51311526,14.95,0,6.1e-07,6.4e-07
1529365502.245541,Trading not profitable,0,15.0,41.51311526,41.51311526,14.96,0,6.1e-07,6.4e-07
1529365562.208947,Trading not profitable,0,15.0,41.51311526,41.51311526,14.96,0,6.1e-07,6.4e-07
1529365622.201293,Trading not profitable,0,15.0,41.51311526,41.51311526,14.96,0,6.1e-07,6.4e-07
1529365682.27806,Trading not profitable,0,15.0,41.51311526,41.51311526,14.95,0,6.1e-07,6.4e-07
1529365742.750662,Trading not profitable,0,15.0,41.51311526,41.51311526,14.96,0,6.1e-07,6.4e-07
1529365802.746372,Trading not profitable,0,15.0,41.51311526,41.51311526,14.96,0,6.1e-07,6.4e-07
1529365863.322988,Trading not profitable,0,15.0,41.51311526,41.51311526,14.96,0,6.1e-07,6.4e-07
1529365923.409881,Trading not profitable,0,15.0,41.51311526,41.51311526,14.96,0,6.1e-07,6.4e-07
1529365982.578733,Trading not profitable,0,15.0,41.51311526,41.51311526,14.96,0,6.1e-07,6.4e-07
1529366042.485796,Trading not profitable,0,15.0,41.51311526,41.51311526,14.96,0,6.1e-07,6.4e-07
1529366102.857636,Trading not profitable,0,15.0,41.51311526,41.51311526,0,14.96,6.1e-07,6.4e-07
1529366163.034282,Trading not profitable,0,15.0,41.51311526,41.51311526,14.96,0,6.1e-07,6.4e-07
1529366222.461364,Trading not profitable,0,15.0,41.51311526,41.51311526,14.97,0,6.1e-07,6.4e-07
1529366282.655558,Trading not profitable,0,15.0,41.51311526,41.51311526,14.96,0,6.1e-07,6.4e-07
1529366341.90923,Trading not profitable,0,15.0,41.51311526,41.51311526,0,14.94,6.1e-07,6.4e-07
1529366401.962448,Trading not profitable,0,15.0,41.51311526,41.51311526,14.97,0,6.1e-07,6.4e-07
1529366461.950492,Trading not profitable,0,15.0,41.51311526,41.51311526,0,14.96,6.1e-07,6.4e-07
1529366522.283183,Trading not profitable,0,15.0,41.51311526,41.51311526,0,14.96,6.1e-07,6.4e-07
1529366582.444048,Trading not profitable,0,15.0,41.51311526,41.51311526,14.96,0,6.1e-07,6.4e-07
1529366642.390017,Trading not profitable,0,15.0,41.51311526,41.51311526,0,14.96,6.1e-07,6.4e-07
1529366702.517219,Trading not profitable,0,15.0,41.51311526,41.51311526,0,14.96,6.1e-07,6.4e-07
1529366762.475384,Trading not profitable,0,15.0,41.51311526,41.51311526,0,14.96,6.1e-07,6.4e-07
1529366822.739274,Trading not profitable,0,15.0,41.51311526,41.51311526,14.96,0,6.1e-07,6.4e-07
1529366882.670235,Trading not profitable,0,15.0,41.51311526,41.51311526,14.97,0,6.1e-07,6.4e-07
1529366942.761596,Trading not profitable,0,15.0,41.51311526,41.51311526,14.98,0,6.1e-07,6.4e-07
1529367003.059637,Trading not profitable,0,15.0,41.51311526,41.51311526,0,14.97,6.1e-07,6.4e-07
1529367062.33869,Trading not profitable,0,15.0,41.51311526,41.51311526,0,14.96,6.1e-07,6.4e-07
1529367122.206965,Trading not profitable,0,15.0,41.51311526,41.51311526,0,14.96,6.1e-07,6.4e-07
1529367183.7568,Trading not profitable,0,15.0,41.51311526,41.51311526,0,14.96,6.1e-07,6.4e-07
1529367242.819789,Trading not profitable,0,15.0,41.51311526,41.51311526,0,14.96,6.1e-07,6.4e-07
1529367301.986693,Trading not profitable,0,15.0,41.51311526,41.51311526,0,14.96,6.1e-07,6.4e-07
1529367362.598843,Trading not profitable,0,15.0,41.51311526,41.51311526,0,14.95,6.1e-07,6.4e-07
1529367422.189186,Trading not profitable,0,15.0,41.51311526,41.51311526,0,14.97,6.1e-07,6.4e-07
1529367482.183102,Trading not profitable,0,15.0,41.51311526,41.51311526,0,14.96,6.1e-07,6.4e-07
1529367542.472339,Trading not profitable,0,15.0,41.51311526,41.51311526,0,14.96,6.1e-07,6.4e-07
1529367602.44574,Trading not profitable,0,15.0,41.51311526,41.51311526,0,14.96,6.1e-07,6.4e-07
1529367662.771719,Trading not profitable,0,15.0,41.51311526,41.51311526,0,14.96,6.1e-07,6.4e-07
1529367723.367306,Trading not profitable,0,15.0,41.51311526,41.51311526,0,14.97,6.1e-07,6.4e-07
1529367783.198821,Trading not profitable,0,15.0,41.51311526,41.51311526,0,14.96,6.1e-07,6.4e-07
1529367843.741869,Trading not profitable,0,15.0,41.51311526,41.51311526,0,14.96,6.1e-07,6.4e-07
1529367902.262156,Trading not profitable,0,15.0,41.51311526,41.51311526,0,14.96,6.1e-07,6.4e-07
1529367962.621479,Trading not profitable,0,15.0,41.51311526,41.51311526,0,14.96,6.1e-07,6.4e-07
1529368021.802817,Trading not profitable,0,15.0,41.51311526,41.51311526,14.97,0,6.1e-07,6.4e-07
1529368082.075971,Trading not profitable,0,15.0,41.51311526,41.51311526,14.96,0,6.1e-07,6.4e-07
1529368142.979506,Trading not profitable,0,15.0,41.51311526,41.51311526,14.96,0,6.1e-07,6.4e-07
1529368202.844482,Trading not profitable,0,15.0,41.51311526,41.51311526,14.97,0,6.1e-07,6.4e-07
1529368262.443914,Trading not profitable,0,15.0,41.51311526,41.51311526,14.96,0,6.1e-07,6.4e-07
1529368322.300362,Trading not profitable,0,15.0,41.51311526,41.51311526,14.96,0,6.1e-07,6.4e-07
1529368382.693042,Trading not profitable,0,15.0,41.51311526,41.51311526,0,14.96,6.1e-07,6.4e-07
1529368441.896566,Trading not profitable,0,15.0,41.51311526,41.51311526,0,14.96,6.1e-07,6.4e-07
1529368502.191256,Trading not profitable,0,15.0,41.51311526,41.51311526,14.95,0,6.1e-07,6.4e-07
1529368562.0924,Trading not profitable,0,15.0,41.51311526,41.51311526,0,14.97,6.1e-07,6.4e-07
1529368622.692964,Trading not profitable,0,15.0,41.51311526,41.51311526,0,14.96,6.1e-07,6.4e-07
1529368682.998063,Trading not profitable,0,15.0,41.51311526,41.51311526,14.97,0,6.1e-07,6.4e-07
1529368742.333574,Trading not profitable,0,15.0,41.51311526,41.51311526,0,14.95,6.1e-07,6.4e-07
1529368802.137934,Trading not profitable,0,15.0,41.51311526,41.51311526,0,14.96,6.1e-07,6.4e-07
1529368862.587414,Trading not profitable,0,15.0,41.51311526,41.51311526,0,14.96,6.1e-07,6.4e-07
1529368922.591627,Trading not profitable,0,15.0,41.51311526,41.51311526,0,14.96,6.1e-07,6.4e-07
1529368982.693477,Trading not profitable,0,15.0,41.51311526,41.51311526,14.95,0,6.1e-07,6.4e-07
1529369042.341008,Trading not profitable,0,15.0,41.51311526,41.51311526,14.96,0,6.1e-07,6.4e-07
1529369102.342162,Trading not profitable,0,15.0,41.51311526,41.51311526,14.96,0,6.1e-07,6.4e-07
1529369162.697013,Trading not profitable,0,15.0,41.51311526,41.51311526,0,14.96,6.1e-07,6.4e-07
1529369222.794309,Trading not profitable,0,15.0,41.51311526,41.51311526,0,14.98,6.1e-07,6.4e-07
1529369282.334298,Trading not profitable,0,15.0,41.51311526,41.51311526,14.97,0,6.1e-07,6.4e-07
1529369342.717375,Trading not profitable,0,15.0,41.51311526,41.51311526,14.97,0,6.1e-07,6.4e-07
1529369401.915939,Trading not profitable,0,15.0,41.51311526,41.51311526,14.96,0,6.1e-07,6.4e-07
1529369462.668384,Trading not profitable,0,15.0,41.51311526,41.51311526,14.97,0,6.1e-07,6.4e-07
1529369522.664368,Trading not profitable,0,15.0,41.51311526,41.51311526,14.97,0,6.1e-07,6.4e-07
1529369582.769982,Trading not profitable,0,15.0,41.51311526,41.51311526,0,14.96,6.1e-07,6.4e-07
1529369641.830136,Trading not profitable,0,15.0,41.51311526,41.51311526,0,14.96,6.1e-07,6.4e-07
1529369702.481054,Trading not profitable,0,15.0,41.51311526,41.51311526,14.96,0,6.1e-07,6.4e-07
1529369762.656899,Trading not profitable,0,15.0,41.51311526,41.51311526,0,14.95,6.1e-07,6.4e-07
1529369823.218866,Trading not profitable,0,15.0,41.51311526,41.51311526,0,14.96,6.1e-07,6.4e-07
1529369882.153367,Trading not profitable,0,15.0,41.51311526,41.51311526,0,14.95,6.1e-07,6.4e-07
1529369942.140064,Trading not profitable,0,15.0,41.51311526,41.51311526,14.97,0,6.1e-07,6.4e-07
1529370002.785448,Trading not profitable,0,15.0,41.51311526,41.51311526,14.97,0,6.1e-07,6.4e-07
1529370062.828232,Trading not profitable,0,15.0,41.51311526,41.51311526,14.97,0,6.1e-07,6.4e-07
1529370122.280539,Trading not profitable,0,15.0,41.51311526,41.51311526,14.96,0,6.1e-07,6.4e-07
1529370182.329577,Trading not profitable,0,15.0,41.51311526,41.51311526,0,14.96,6.1e-07,6.4e-07
1529370242.627827,Trading not profitable,0,15.0,41.51311526,41.51311526,14.96,0,6.1e-07,6.4e-07
1529370302.330601,Trading not profitable,0,15.0,41.51311526,41.51311526,14.96,0,6.1e-07,6.4e-07
1529370362.996613,Trading not profitable,0,15.0,41.51311526,41.51311526,14.96,0,6.1e-07,6.4e-07
1529370422.397603,Trading not profitable,0,15.0,41.51311526,41.51311526,0,14.96,6.1e-07,6.4e-07
1529370482.449217,Trading not profitable,0,15.0,41.51311526,41.51311526,14.95,0,6.1e-07,6.4e-07
1529370542.697061,Trading not profitable,0,15.0,41.51311526,41.51311526,14.97,0,6.1e-07,6.4e-07
1529370602.804583,Trading not profitable,0,15.0,41.51311526,41.51311526,14.98,0,6.1e-07,6.4e-07
1529370661.879488,Trading not profitable,0,15.0,41.51311526,41.51311526,14.97,0,6.1e-07,6.4e-07
1529370722.102044,Trading not profitable,0,15.0,41.51311526,41.51311526,14.97,0,6.1e-07,6.4e-07
1529370782.57096,Trading not profitable,0,15.0,41.51311526,41.51311526,14.98,0,6.1e-07,6.4e-07
1529370842.569505,Trading not profitable,0,15.0,41.51311526,41.51311526,14.97,0,6.1e-07,6.4e-07
1529370902.086554,Trading not profitable,0,15.0,41.51311526,41.51311526,14.97,0,6.1e-07,6.4e-07
1529370962.117057,Trading not profitable,0,15.0,41.51311526,41.51311526,14.98,0,6.1e-07,6.4e-07
1529371022.124501,Trading not profitable,0,15.0,41.51311526,41.51311526,14.97,0,6.1e-07,6.4e-07
1529371082.414591,Trading not profitable,0,15.0,41.51311526,41.51311526,14.97,0,6.1e-07,6.4e-07
1529371142.127818,Trading not profitable,0,15.0,41.51311526,41.51311526,14.97,0,6.1e-07,6.4e-07
1529371203.42526,Trading not profitable,0,15.0,41.51311526,41.51311526,14.96,0,6.1e-07,6.4e-07
1529371262.412178,Trading not profitable,0,15.0,41.51311526,41.51311526,14.97,0,6.1e-07,6.4e-07
1529371322.675534,Trading not profitable,0,15.0,41.51311526,41.51311526,14.96,0,6.1e-07,6.4e-07
1529371382.425395,Trading not profitable,0,15.0,41.51311526,41.51311526,14.97,0,6.1e-07,6.4e-07
1529371442.694074,Trading not profitable,0,15.0,41.51311526,41.51311526,14.97,0,6.1e-07,6.4e-07
1529371501.989508,Trading not profitable,0,15.0,41.51311526,41.51311526,14.97,0,6.1e-07,6.4e-07
1529371562.18434,Trading not profitable,0,15.0,41.51311526,41.51311526,14.97,0,6.1e-07,6.4e-07
1529371622.443885,Trading not profitable,0,15.0,41.51311526,41.51311526,14.97,0,6.1e-07,6.4e-07
1529371682.791236,Trading not profitable,0,15.0,41.51311526,41.51311526,14.97,0,6.1e-07,6.4e-07
1529371742.424506,Trading not profitable,0,15.0,41.51311526,41.51311526,14.96,0,6.1e-07,6.4e-07
1529371802.737785,Trading not profitable,0,15.0,41.51311526,41.51311526,14.97,0,6.1e-07,6.4e-07
1529371863.168381,Trading not profitable,0,15.0,41.51311526,41.51311526,14.96,0,6.1e-07,6.4e-07
1529371922.458669,Trading not profitable,0,15.0,41.51311526,41.51311526,14.97,0,6.1e-07,6.4e-07
1529371982.479651,Trading not profitable,0,15.0,41.51311526,41.51311526,14.96,0,6.1e-07,6.4e-07
1529372042.703555,Trading not profitable,0,15.0,41.51311526,41.51311526,14.97,0,6.1e-07,6.4e-07
1529372102.3386,Trading not profitable,0,15.0,41.51311526,41.51311526,14.96,0,6.1e-07,6.4e-07
1529372162.314108,Trading not profitable,0,15.0,41.51311526,41.51311526,14.96,0,6.1e-07,6.4e-07
1529372222.971552,Trading not profitable,0,15.0,41.51311526,41.51311526,14.96,0,6.1e-07,6.4e-07
1529372282.252621,Trading not profitable,0,15.0,41.51311526,41.51311526,14.96,0,6.1e-07,6.4e-07
1529372342.293967,Trading not profitable,0,15.0,41.51311526,41.51311526,14.96,0,6.1e-07,6.4e-07
1529372402.357968,Trading not profitable,0,15.0,41.51311526,41.51311526,14.97,0,6.1e-07,6.4e-07
1529372462.326429,Trading not profitable,0,15.0,41.51311526,41.51311526,0,14.96,6.1e-07,6.4e-07
1529372522.817382,Trading not profitable,0,15.0,41.51311526,41.51311526,14.96,0,6.1e-07,6.4e-07
1529372582.410099,Trading not profitable,0,15.0,41.51311526,41.51311526,0,14.96,6.1e-07,6.4e-07
1529372642.378645,Trading not profitable,0,15.0,41.51311526,41.51311526,0,14.96,6.1e-07,6.4e-07
1529372702.591332,Trading not profitable,0,15.0,41.51311526,41.51311526,0,14.97,6.1e-07,6.4e-07
1529372762.314423,Trading not profitable,0,15.0,41.51311526,41.51311526,14.96,0,6.1e-07,6.4e-07
1529372822.880427,Trading not profitable,0,15.0,41.51311526,41.51311526,14.97,0,6.1e-07,6.4e-07
1529372882.175796,Trading not profitable,0,15.0,41.51311526,41.51311526,14.97,0,6.1e-07,6.4e-07
1529372942.31581,Trading not profitable,0,15.0,41.51311526,41.51311526,14.96,0,6.1e-07,6.4e-07
1529373002.878268,Trading not profitable,0,15.0,41.51311526,41.51311526,0,14.96,6.1e-07,6.4e-07
1529373062.224394,Trading not profitable,0,15.0,41.51311526,41.51311526,14.95,0,6.1e-07,6.4e-07
1529373123.612745,Trading not profitable,0,15.0,41.51311526,41.51311526,14.95,0,6.1e-07,6.4e-07
1529373182.339024,Trading not profitable,0,15.0,41.51311526,41.51311526,14.96,0,6.1e-07,6.4e-07
1529373242.77094,Trading not profitable,0,15.0,41.51311526,41.51311526,0,14.96,6.1e-07,6.4e-07
1529373302.540317,Trading not profitable,0,15.0,41.51311526,41.51311526,14.96,0,6.1e-07,6.4e-07
1529373362.956672,Trading not profitable,0,15.0,41.51311526,41.51311526,14.96,0,6.1e-07,6.4e-07
1529373422.327922,Trading not profitable,0,15.0,41.51311526,41.51311526,14.96,0,6.1e-07,6.4e-07
1529373481.945391,Trading not profitable,0,15.0,41.51311526,41.51311526,0,14.96,6.1e-07,6.4e-07
1529373542.370424,Trading not profitable,0,15.0,41.51311526,41.51311526,0,14.96,6.1e-07,6.4e-07
1529373603.298592,Trading not profitable,0,15.0,41.51311526,41.51311526,14.96,0,6.1e-07,6.4e-07
1529373662.966209,Trading not profitable,0,15.0,41.51311526,41.51311526,14.96,0,6.1e-07,6.4e-07
1529373722.393103,Trading not profitable,0,15.0,41.51311526,41.51311526,14.95,0,6.1e-07,6.4e-07
1529373782.464947,Trading not profitable,0,15.0,41.51311526,41.51311526,14.96,0,6.1e-07,6.4e-07
1529373842.775199,Trading not profitable,0,15.0,41.51311526,41.51311526,0,14.96,6.1e-07,6.4e-07
1529373902.349518,Trading not profitable,0,15.0,41.51311526,41.51311526,14.96,0,6.1e-07,6.4e-07
1529373962.345558,Trading not profitable,0,15.0,41.51311526,41.51311526,14.95,0,6.1e-07,6.4e-07
1529374022.690215,Trading not profitable,0,15.0,41.51311526,41.51311526,0,14.96,6.1e-07,6.4e-07
1529374082.264603,Trading not profitable,0,15.0,41.51311526,41.51311526,0,14.95,6.1e-07,6.4e-07
1529374142.608667,Trading not profitable,0,15.0,41.51311526,41.51311526,0,14.96,6.1e-07,6.4e-07
1529374203.17098,Trading not profitable,0,15.0,41.51311526,41.51311526,0,14.96,6.1e-07,6.4e-07
1529374262.152497,Trading not profitable,0,15.0,41.51311526,41.51311526,0,14.96,6.1e-07,6.4e-07
1529374322.920886,Trading not profitable,0,15.0,41.51311526,41.51311526,0,14.96,6.1e-07,6.4e-07
1529374382.54237,Trading not profitable,0,15.0,41.51311526,41.51311526,14.95,0,6.1e-07,6.4e-07
1529374442.66626,Trading not profitable,0,15.0,41.51311526,41.51311526,14.96,0,6.1e-07,6.4e-07
1529374501.957052,Trading not profitable,0,15.0,41.51311526,41.51311526,14.97,0,6.1e-07,6.4e-07
1529374562.022577,Trading not profitable,0,15.0,41.51311526,41.51311526,14.97,0,6.1e-07,6.4e-07
1529374622.136675,Trading not profitable,0,15.0,41.51311526,41.51311526,14.97,0,6.1e-07,6.4e-07
1529374682.197679,Trading not profitable,0,15.0,41.51311526,41.51311526,14.97,0,6.1e-07,6.4e-07
1529374742.492274,Trading not profitable,0,15.0,41.51311526,41.51311526,14.96,0,6.1e-07,6.4e-07
1529374802.537503,Trading not profitable,0,15.0,41.51311526,41.51311526,14.96,0,6.1e-07,6.4e-07
1529374862.811887,Trading not profitable,0,15.0,41.51311526,41.51311526,0,14.95,6.1e-07,6.4e-07
1529374922.898189,Trading not profitable,0,15.0,41.51311526,41.51311526,14.96,0,6.1e-07,6.4e-07
1529374981.912818,Trading not profitable,0,15.0,41.51311526,41.51311526,14.97,0,6.1e-07,6.4e-07
1529375042.004994,Trading not profitable,0,15.0,41.51311526,41.51311526,14.97,0,6.1e-07,6.4e-07
1529375101.91618,Trading not profitable,0,15.0,41.51311526,41.51311526,0,14.96,6.1e-07,6.4e-07
1529375161.938261,Trading not profitable,0,15.0,41.51311526,41.51311526,0,14.96,6.1e-07,6.4e-07
1529375221.938157,Trading not profitable,0,15.0,41.51311526,41.51311526,14.96,0,6.1e-07,6.4e-07
1529375282.150473,Trading not profitable,0,15.0,41.51311526,41.51311526,14.95,0,6.1e-07,6.4e-07
1529375342.628978,Trading not profitable,0,15.0,41.51311526,41.51311526,0,14.96,6.1e-07,6.4e-07
1529375402.950981,Trading not profitable,0,15.0,41.51311526,41.51311526,14.96,0,6.1e-07,6.4e-07
1529375461.99558,Trading not profitable,0,15.0,41.51311526,41.51311526,14.96,0,6.1e-07,6.4e-07
1529375522.664239,Trading not profitable,0,15.0,41.51311526,41.51311526,14.96,0,6.1e-07,6.4e-07
1529375582.639756,Trading not profitable,0,15.0,41.51311526,41.51311526,14.96,0,6.1e-07,6.4e-07
1529375642.61319,Trading not profitable,0,15.0,41.51311526,41.51311526,0,14.96,6.1e-07,6.4e-07
1529375702.88487,Trading not profitable,0,15.0,41.51311526,41.51311526,14.96,0,6.1e-07,6.4e-07
1529375761.923627,Trading not profitable,0,15.0,41.51311526,41.51311526,14.96,0,6.1e-07,6.4e-07
1529375821.889938,Trading not profitable,0,15.0,41.51311526,41.51311526,0,14.97,6.1e-07,6.4e-07
1529375882.149121,Trading not profitable,0,15.0,41.51311526,41.51311526,0,14.96,6.1e-07,6.4e-07
1529375942.443389,Trading not profitable,0,15.0,41.51311526,41.51311526,0,14.95,6.1e-07,6.4e-07
1529376002.478783,Trading not profitable,0,15.0,41.51311526,41.51311526,0,14.96,6.1e-07,6.4e-07
1529376062.465525,Trading not profitable,0,15.0,41.51311526,41.51311526,0,14.96,6.1e-07,6.4e-07
1529376122.261121,Trading not profitable,0,15.0,41.51311526,41.51311526,14.96,0,6.1e-07,6.4e-07
1529376182.2832,Trading not profitable,0,15.0,41.51311526,41.51311526,14.96,0,6.1e-07,6.4e-07
1529376242.667423,Trading not profitable,0,15.0,41.51311526,41.51311526,14.96,0,6.1e-07,6.4e-07
1529376302.526114,Trading not profitable,0,15.0,41.51311526,41.51311526,14.97,0,6.1e-07,6.4e-07
1529376362.687952,Trading not profitable,0,15.0,41.51311526,41.51311526,14.97,0,6.1e-07,6.4e-07
1529376422.68545,Trading not profitable,0,15.0,41.51311526,41.51311526,14.97,0,6.1e-07,6.4e-07
1529376482.999978,Trading not profitable,0,15.0,41.51311526,41.51311526,14.97,0,6.1e-07,6.4e-07
1529376542.308509,Trading not profitable,0,15.0,41.51311526,41.51311526,14.96,0,6.1e-07,6.4e-07
1529376602.294616,Trading not profitable,0,15.0,41.51311526,41.51311526,0,14.96,6.1e-07,6.4e-07
1529376662.581034,Trading not profitable,0,15.0,41.51311526,41.51311526,0,14.97,6.1e-07,6.4e-07
1529376721.856554,Trading not profitable,0,15.0,41.51311526,41.51311526,0,14.96,6.1e-07,6.4e-07
1529376782.072757,Trading not profitable,0,15.0,41.51311526,41.51311526,0,14.96,6.1e-07,6.4e-07
1529376842.258437,Trading not profitable,0,15.0,41.51311526,41.51311526,0,14.97,6.1e-07,6.4e-07
1529376902.8275,Trading not profitable,0,15.0,41.51311526,41.51311526,0,14.96,6.1e-07,6.4e-07
1529376962.089042,Trading not profitable,0,15.0,41.51311526,41.51311526,14.96,0,6.1e-07,6.4e-07
1529377022.688905,Trading not profitable,0,15.0,41.51311526,41.51311526,14.96,0,6.1e-07,6.4e-07
1529377082.989128,Trading not profitable,0,15.0,41.51311526,41.51311526,0,14.98,6.1e-07,6.4e-07
1529377142.588282,Trading not profitable,0,15.0,41.51311526,41.51311526,14.96,0,6.1e-07,6.4e-07
1529377202.555129,Trading not profitable,0,15.0,41.51311526,41.51311526,14.98,0,6.1e-07,6.4e-07
1529377262.616313,Trading not profitable,0,15.0,41.51311526,41.51311526,14.96,0,6.1e-07,6.4e-07
1529377322.769874,Trading not profitable,0,15.0,41.51311526,41.51311526,14.97,0,6.1e-07,6.4e-07
1529377382.466624,Trading not profitable,0,15.0,41.51311526,41.51311526,0,14.95,6.1e-07,6.4e-07
1529377442.052808,Trading not profitable,0,15.0,41.51311526,41.51311526,14.97,0,6.1e-07,6.4e-07
1529377502.574436,Trading not profitable,0,15.0,41.51311526,41.51311526,14.97,0,6.1e-07,6.4e-07
1529377562.325183,Trading not profitable,0,15.0,41.51311526,41.51311526,14.96,0,6.1e-07,6.4e-07
1529377622.596158,Trading not profitable,0,15.0,41.51311526,41.51311526,14.97,0,6.1e-07,6.4e-07
1529377682.155793,Trading not profitable,0,15.0,41.51311526,41.51311526,14.96,0,6.1e-07,6.4e-07
1529377742.16998,Trading not profitable,0,15.0,41.51311526,41.51311526,14.96,0,6.1e-07,6.4e-07
1529377802.462163,Trading not profitable,0,15.0,41.51311526,41.51311526,14.96,0,6.1e-07,6.4e-07
1529377862.237375,Trading not profitable,0,15.0,41.51311526,41.51311526,14.96,0,6.1e-07,6.4e-07
1529377922.225516,Trading not profitable,0,15.0,41.51311526,41.51311526,14.97,0,6.1e-07,6.4e-07
1529377982.811061,Trading not profitable,0,15.0,41.51311526,41.51311526,14.96,0,6.1e-07,6.4e-07
1529378041.986125,Trading not profitable,0,15.0,41.51311526,41.51311526,14.95,0,6.1e-07,6.4e-07
1529378101.969025,Trading not profitable,0,15.0,41.51311526,41.51311526,0,14.96,6.1e-07,6.4e-07
1529378161.780744,Trading not profitable,0,15.0,41.51311526,41.51311526,0,14.96,6.1e-07,6.4e-07
1529378222.74823,Trading not profitable,0,15.0,41.51311526,41.51311526,0,14.97,6.1e-07,6.4e-07
1529378282.346164,Trading not profitable,0,15.0,41.51311526,41.51311526,0,14.95,6.1e-07,6.4e-07
1529378342.329493,Trading not profitable,0,15.0,41.51311526,41.51311526,14.96,0,6.1e-07,6.4e-07
1529378402.518244,Trading not profitable,0,15.0,41.51311526,41.51311526,14.96,0,6.1e-07,6.4e-07
1529378462.383197,Trading not profitable,0,15.0,41.51311526,41.51311526,14.96,0,6.1e-07,6.4e-07
1529378522.570915,Trading not profitable,0,15.0,41.51311526,41.51311526,14.98,0,6.1e-07,6.4e-07
1529378582.847775,Trading not profitable,0,15.0,41.51311526,41.51311526,14.97,0,6.1e-07,6.4e-07
1529378641.860971,Trading not profitable,0,15.0,41.51311526,41.51311526,14.97,0,6.1e-07,6.4e-07
1529378701.882825,Trading not profitable,0,15.0,41.51311526,41.51311526,14.97,0,6.1e-07,6.4e-07
1529378761.91954,Trading not profitable,0,15.0,41.51311526,41.51311526,14.97,0,6.1e-07,6.4e-07
1529378822.899597,Trading not profitable,0,15.0,41.51311526,41.51311526,14.98,0,6.1e-07,6.4e-07
1529378882.137751,Trading not profitable,0,15.0,41.51311526,41.51311526,14.96,0,6.1e-07,6.4e-07
1529378942.737442,Trading not profitable,0,15.0,41.51311526,41.51311526,14.97,0,6.1e-07,6.4e-07
1529379001.933565,Trading not profitable,0,15.0,41.51311526,41.51311526,14.98,0,6.1e-07,6.4e-07
1529379061.896863,Trading not profitable,0,15.0,41.51311526,41.51311526,14.97,0,6.1e-07,6.4e-07
1529379122.167799,Trading not profitable,0,15.0,41.51311526,41.51311526,14.97,0,6.1e-07,6.4e-07
1529379182.474392,Trading not profitable,0,15.0,41.51311526,41.51311526,14.97,0,6.1e-07,6.4e-07
1529379242.642205,Trading not profitable,0,15.0,41.51311526,41.51311526,14.97,0,6.1e-07,6.4e-07
1529379302.716704,Trading not profitable,0,15.0,41.51311526,41.51311526,14.97,0,6.1e-07,6.4e-07
1529379363.055839,Trading not profitable,0,15.0,41.51311526,41.51311526,14.96,0,6.1e-07,6.4e-07
1529379422.735722,Trading not profitable,0,15.0,41.51311526,41.51311526,14.96,0,6.1e-07,6.4e-07
1529379482.314415,Trading not profitable,0,15.0,41.51311526,41.51311526,14.97,0,6.1e-07,6.4e-07
1529379542.504937,Trading not profitable,0,15.0,41.51311526,41.51311526,14.97,0,6.1e-07,6.4e-07
1529379602.035347,Trading not profitable,0,15.0,41.51311526,41.51311526,14.95,0,6.1e-07,6.4e-07
1529379662.634726,Trading not profitable,0,15.0,41.51311526,41.51311526,14.96,0,6.1e-07,6.4e-07
1529379722.197212,Trading not profitable,0,15.0,41.51311526,41.51311526,14.96,0,6.1e-07,6.4e-07
1529379782.18876,Trading not profitable,0,15.0,41.51311526,41.51311526,14.96,0,6.1e-07,6.4e-07
1529379842.51203,Trading not profitable,0,15.0,41.51311526,41.51311526,14.97,0,6.1e-07,6.4e-07
1529379902.179849,Trading not profitable,0,15.0,41.51311526,41.51311526,14.96,0,6.1e-07,6.4e-07
1529379962.457576,Trading not profitable,0,15.0,41.51311526,41.51311526,14.95,0,6.1e-07,6.4e-07
1529380022.637292,Trading not profitable,0,15.0,41.51311526,41.51311526,14.96,0,6.1e-07,6.4e-07
1529380083.104709,Trading not profitable,0,15.0,41.51311526,41.51311526,14.96,0,6.1e-07,6.4e-07
1529380142.683198,Trading not profitable,0,15.0,41.51311526,41.51311526,14.97,0,6.1e-07,6.4e-07
1529380202.307528,Trading not profitable,0,15.0,41.51311526,41.51311526,14.97,0,6.1e-07,6.4e-07
1529380261.917369,Trading not profitable,0,15.0,41.51311526,41.51311526,14.96,0,6.1e-07,6.4e-07
1529380322.196383,Trading not profitable,0,15.0,41.51311526,41.51311526,14.97,0,6.1e-07,6.4e-07
1529380382.500353,Trading not profitable,0,15.0,41.51311526,41.51311526,14.97,0,6.1e-07,6.4e-07
1529380443.135959,Trading not profitable,0,15.0,41.51311526,41.51311526,0,14.96,6.1e-07,6.4e-07
1529380502.388109,Trading not profitable,0,15.0,41.51311526,41.51311526,14.95,0,6.1e-07,6.4e-07
1529380562.512447,Trading not profitable,0,15.0,41.51311526,41.51311526,14.96,0,6.1e-07,6.4e-07
1529380622.74149,Trading not profitable,0,15.0,41.51311526,41.51311526,14.96,0,6.1e-07,6.4e-07
1529380683.011859,Trading not profitable,0,15.0,41.51311526,41.51311526,0,14.95,6.1e-07,6.4e-07
1529380741.989311,Trading not profitable,0,15.0,41.51311526,41.51311526,14.96,0,6.1e-07,6.4e-07
1529380802.257844,Trading not profitable,0,15.0,41.51311526,41.51311526,14.95,0,6.1e-07,6.4e-07
1529380862.57931,Trading not profitable,0,15.0,41.51311526,41.51311526,14.96,0,6.1e-07,6.4e-07
1529380922.207343,Trading not profitable,0,15.0,41.51311526,41.51311526,14.96,0,6.1e-07,6.4e-07
1529380983.184263,Trading not profitable,0,15.0,41.51311526,41.51311526,14.97,0,6.1e-07,6.4e-07
1529381042.52775,Trading not profitable,0,15.0,41.51311526,41.51311526,14.95,0,6.1e-07,6.4e-07
1529381102.7889,Trading not profitable,0,15.0,41.51311526,41.51311526,14.95,0,6.1e-07,6.4e-07
1529381162.118772,Trading not profitable,0,15.0,41.51311526,41.51311526,14.96,0,6.1e-07,6.4e-07
1529381222.780783,Trading not profitable,0,15.0,41.51311526,41.51311526,14.96,0,6.1e-07,6.4e-07
1529381282.122697,Trading not profitable,0,15.0,41.51311526,41.51311526,14.96,0,6.1e-07,6.4e-07
1529381342.771297,Trading not profitable,0,15.0,41.51311526,41.51311526,14.97,0,6.1e-07,6.4e-07
1529381402.875719,Trading not profitable,0,15.0,41.51311526,41.51311526,14.96,0,6.1e-07,6.4e-07
1529381463.175665,Trading not profitable,0,15.0,41.51311526,41.51311526,14.97,0,6.1e-07,6.4e-07
1529381522.810417,Trading not profitable,0,15.0,41.51311526,41.51311526,14.96,0,6.1e-07,6.4e-07
1529381582.139087,Trading not profitable,0,15.0,41.51311526,41.51311526,14.98,0,6.1e-07,6.4e-07
1529381643.542241,Trading not profitable,0,15.0,41.51311526,41.51311526,14.97,0,6.1e-07,6.4e-07
1529381702.579503,Trading not profitable,0,15.0,41.51311526,41.51311526,14.97,0,6.1e-07,6.4e-07
1529381762.857013,Trading not profitable,0,15.0,41.51311526,41.51311526,14.97,0,6.1e-07,6.4e-07
1529381822.594809,Trading not profitable,0,15.0,41.51311526,41.51311526,14.96,0,6.1e-07,6.4e-07
1529381881.914725,Trading not profitable,0,15.0,41.51311526,41.51311526,14.96,0,6.1e-07,6.4e-07
1529381942.19317,Trading not profitable,0,15.0,41.51311526,41.51311526,14.97,0,6.1e-07,6.4e-07
1529382002.43056,Trading not profitable,0,15.0,41.51311526,41.51311526,14.96,0,6.1e-07,6.4e-07
1529382062.060748,Trading not profitable,0,15.0,41.51311526,41.51311526,14.97,0,6.1e-07,6.4e-07
1529382122.351859,Trading not profitable,0,15.0,41.51311526,41.51311526,14.97,0,6.1e-07,6.4e-07
1529382182.583486,Trading not profitable,0,15.0,41.51311526,41.51311526,14.96,0,6.1e-07,6.4e-07
1529382242.158426,Trading not profitable,0,15.0,41.51311526,41.51311526,14.96,0,6.1e-07,6.4e-07
1529382303.144655,Trading not profitable,0,15.0,41.51311526,41.51311526,14.96,0,6.1e-07,6.4e-07
1529382363.091019,Trading not profitable,0,15.0,41.51311526,41.51311526,14.97,0,6.1e-07,6.4e-07
1529382422.680921,Trading not profitable,0,15.0,41.51311526,41.51311526,14.96,0,6.1e-07,6.4e-07
1529382481.924309,Trading not profitable,0,15.0,41.51311526,41.51311526,14.96,0,6.1e-07,6.4e-07
1529382542.571446,Trading not profitable,0,15.0,41.51311526,41.51311526,14.96,0,6.1e-07,6.4e-07
1529382602.240943,Trading not profitable,0,15.0,41.51311526,41.51311526,14.97,0,6.1e-07,6.4e-07
1529382662.326921,Trading not profitable,0,15.0,41.51311526,41.51311526,14.97,0,6.1e-07,6.4e-07
1529382722.737645,Trading not profitable,0,15.0,41.51311526,41.51311526,14.97,0,6.1e-07,6.4e-07
1529382782.336518,Trading not profitable,0,15.0,41.51311526,41.51311526,14.96,0,6.1e-07,6.4e-07
1529382842.259846,Trading not profitable,0,15.0,41.51311526,41.51311526,14.97,0,6.1e-07,6.4e-07
1529382902.349431,Trading not profitable,0,15.0,41.51311526,41.51311526,14.97,0,6.1e-07,6.4e-07
1529382962.994546,Trading not profitable,0,15.0,41.51311526,41.51311526,14.96,0,6.1e-07,6.4e-07
1529383022.228213,Trading not profitable,0,15.0,41.51311526,41.51311526,0,14.95,6.1e-07,6.4e-07
1529383083.213133,Trading not profitable,0,15.0,41.51311526,41.51311526,14.98,0,6.1e-07,6.4e-07
1529383142.774104,Trading not profitable,0,15.0,41.51311526,41.51311526,14.97,0,6.1e-07,6.4e-07
1529383202.105941,Trading not profitable,0,15.0,41.51311526,41.51311526,14.98,0,6.1e-07,6.4e-07
1529383263.158574,Trading not profitable,0,15.0,41.51311526,41.51311526,14.97,0,6.1e-07,6.4e-07
1529383322.831461,Trading not profitable,0,15.0,41.51311526,41.51311526,14.98,0,6.1e-07,6.4e-07
1529383382.478558,Trading not profitable,0,15.0,41.51311526,41.51311526,14.97,0,6.1e-07,6.4e-07
1529383443.058664,Trading not profitable,0,15.0,41.51311526,41.51311526,14.96,0,6.1e-07,6.4e-07
1529383502.359773,Trading not profitable,0,15.0,41.51311526,41.51311526,14.95,0,6.1e-07,6.4e-07
1529383563.242575,Trading not profitable,0,15.0,41.51311526,41.51311526,14.96,0,6.1e-07,6.4e-07
1529383622.635062,Trading not profitable,0,15.0,41.51311526,41.51311526,14.96,0,6.1e-07,6.4e-07
1529383682.734043,Trading not profitable,0,15.0,41.51311526,41.51311526,0,14.96,6.1e-07,6.4e-07
1529383743.128214,Trading not profitable,0,15.0,41.51311526,41.51311526,0,14.96,6.1e-07,6.4e-07
1529383802.414773,Trading not profitable,0,15.0,41.51311526,41.51311526,14.96,0,6.1e-07,6.4e-07
1529383862.71662,Trading not profitable,0,15.0,41.51311526,41.51311526,0,14.96,6.1e-07,6.4e-07
1529383922.303928,Trading not profitable,0,15.0,41.51311526,41.51311526,14.95,0,6.1e-07,6.4e-07
1529383982.53651,Trading not profitable,0,15.0,41.51311526,41.51311526,14.95,0,6.1e-07,6.4e-07
1529384043.163036,Trading not profitable,0,15.0,41.51311526,41.51311526,14.95,0,6.1e-07,6.4e-07
1529384102.413948,Trading not profitable,0,15.0,41.51311526,41.51311526,14.96,0,6.1e-07,6.4e-07
1529384162.968748,Trading not profitable,0,15.0,41.51311526,41.51311526,14.96,0,6.1e-07,6.4e-07
1529384221.937541,Trading not profitable,0,15.0,41.51311526,41.51311526,14.96,0,6.1e-07,6.4e-07
1529384281.907128,Trading not profitable,0,15.0,41.51311526,41.51311526,0,14.96,6.1e-07,6.4e-07
1529384342.164499,Trading not profitable,0,15.0,41.51311526,41.51311526,0,14.96,6.1e-07,6.4e-07
1529384403.148833,Trading not profitable,0,15.0,41.51311526,41.51311526,0,14.96,6.1e-07,6.4e-07
1529384462.20341,Trading not profitable,0,15.0,41.51311526,41.51311526,0,14.96,6.1e-07,6.4e-07
1529384522.547734,Trading not profitable,0,15.0,41.51311526,41.51311526,14.96,0,6.1e-07,6.4e-07
1529384582.163782,Trading not profitable,0,15.0,41.51311526,41.51311526,14.96,0,6.1e-07,6.4e-07
1529384642.730976,Trading not profitable,0,15.0,41.51311526,41.51311526,0,14.97,6.1e-07,6.4e-07
1529384702.046449,Trading not profitable,0,15.0,41.51311526,41.51311526,0,14.95,6.1e-07,6.4e-07
1529384762.267596,Trading not profitable,0,15.0,41.51311526,41.51311526,0,14.96,6.1e-07,6.4e-07
1529384822.497337,Trading not profitable,0,15.0,41.51311526,41.51311526,0,14.95,6.1e-07,6.4e-07
1529384882.09945,Trading not profitable,0,15.0,41.51311526,41.51311526,0,14.95,6.1e-07,6.4e-07
1529384942.734612,Trading not profitable,0,15.0,41.51311526,41.51311526,0,14.96,6.1e-07,6.4e-07
1529385002.341471,Trading not profitable,0,15.0,41.51311526,41.51311526,14.96,0,6.1e-07,6.4e-07
1529385062.650348,Trading not profitable,0,15.0,41.51311526,41.51311526,0,14.97,6.1e-07,6.4e-07
1529385121.908129,Trading not profitable,0,15.0,41.51311526,41.51311526,0,14.96,6.1e-07,6.4e-07
1529385182.204448,Trading not profitable,0,15.0,41.51311526,41.51311526,0,14.96,6.1e-07,6.4e-07
1529385243.153789,Trading not profitable,0,15.0,41.51311526,41.51311526,14.96,0,6.1e-07,6.4e-07
1529385302.745546,Trading not profitable,0,15.0,41.51311526,41.51311526,14.96,0,6.1e-07,6.4e-07
1529385362.022914,Trading not profitable,0,15.0,41.51311526,41.51311526,0,14.96,6.1e-07,6.4e-07
1529385422.342537,Trading not profitable,0,15.0,41.51311526,41.51311526,14.96,0,6.1e-07,6.4e-07
1529385482.603945,Trading not profitable,0,15.0,41.51311526,41.51311526,14.96,0,6.1e-07,6.4e-07
1529385542.48933,Trading not profitable,0,15.0,41.51311526,41.51311526,14.96,0,6.1e-07,6.4e-07
1529385602.790152,Trading not profitable,0,15.0,41.51311526,41.51311526,14.96,0,6.1e-07,6.4e-07
1529385662.032115,Trading not profitable,0,15.0,41.51311526,41.51311526,14.96,0,6.1e-07,6.4e-07
1529385722.292678,Trading not profitable,0,15.0,41.51311526,41.51311526,14.96,0,6.1e-07,6.4e-07
1529385781.887505,Trading not profitable,0,15.0,41.51311526,41.51311526,14.96,0,6.1e-07,6.4e-07
1529385843.189507,Trading not profitable,0,15.0,41.51311526,41.51311526,0,14.95,6.1e-07,6.4e-07
1529385902.457838,Trading not profitable,0,15.0,41.51311526,41.51311526,14.96,0,6.1e-07,6.4e-07
1529385962.720907,Trading not profitable,0,15.0,41.51311526,41.51311526,14.96,0,6.1e-07,6.4e-07
1529386022.001076,Trading not profitable,0,15.0,41.51311526,41.51311526,14.97,0,6.1e-07,6.4e-07
1529386082.358257,Trading not profitable,0,15.0,41.51311526,41.51311526,14.97,0,6.1e-07,6.4e-07
1529386143.026972,Trading not profitable,0,15.0,41.51311526,41.51311526,0,14.95,6.1e-07,6.4e-07
1529386202.347983,Trading not profitable,0,15.0,41.51311526,41.51311526,14.96,0,6.1e-07,6.4e-07
1529386261.921941,Trading not profitable,0,15.0,41.51311526,41.51311526,14.97,0,6.1e-07,6.4e-07
1529386322.179875,Trading not profitable,0,15.0,41.51311526,41.51311526,14.96,0,6.1e-07,6.4e-07
1529386382.48898,Trading not profitable,0,15.0,41.51311526,41.51311526,0,14.96,6.1e-07,6.4e-07
1529386442.465701,Trading not profitable,0,15.0,41.51311526,41.51311526,14.96,0,6.1e-07,6.4e-07
1529386502.765641,Trading not profitable,0,15.0,41.51311526,41.51311526,14.96,0,6.1e-07,6.4e-07
1529386562.800507,Trading not profitable,0,15.0,41.51311526,41.51311526,14.96,0,6.1e-07,6.4e-07
1529386622.057232,Trading not profitable,0,15.0,41.51311526,41.51311526,14.96,0,6.1e-07,6.4e-07
1529386682.330254,Trading not profitable,0,15.0,41.51311526,41.51311526,14.96,0,6.1e-07,6.4e-07
1529386742.605381,Trading not profitable,0,15.0,41.51311526,41.51311526,14.97,0,6.1e-07,6.4e-07
1529386801.880387,Trading not profitable,0,15.0,41.51311526,41.51311526,14.96,0,6.1e-07,6.4e-07
1529386863.529135,Trading not profitable,0,15.0,41.51311526,41.51311526,14.97,0,6.1e-07,6.4e-07
1529386923.234214,Trading not profitable,0,15.0,41.51311526,41.51311526,14.96,0,6.1e-07,6.4e-07
1529386982.516791,Trading not profitable,0,15.0,41.51311526,41.51311526,14.97,0,6.1e-07,6.4e-07
1529387042.123681,Trading not profitable,0,15.0,41.51311526,41.51311526,14.97,0,6.1e-07,6.4e-07
1529387102.801512,Trading not profitable,0,15.0,41.51311526,41.51311526,14.97,0,6.1e-07,6.4e-07
1529387162.059392,Trading not profitable,0,15.0,41.51311526,41.51311526,14.97,0,6.1e-07,6.4e-07
1529387222.671858,Trading not profitable,0,15.0,41.51311526,41.51311526,14.97,0,6.1e-07,6.4e-07
1529387281.904655,Trading not profitable,0,15.0,41.51311526,41.51311526,14.96,0,6.1e-07,6.4e-07
1529387342.53131,Trading not profitable,0,15.0,41.51311526,41.51311526,0,14.96,6.1e-07,6.4e-07
1529387402.842692,Trading not profitable,0,15.0,41.51311526,41.51311526,14.96,0,6.1e-07,6.4e-07
1529387462.793186,Trading not profitable,0,15.0,41.51311526,41.51311526,0,14.96,6.1e-07,6.4e-07
1529387522.018967,Trading not profitable,0,15.0,41.51311526,41.51311526,0,14.96,6.1e-07,6.4e-07
1529387582.652463,Trading not profitable,0,15.0,41.51311526,41.51311526,0,14.95,6.1e-07,6.4e-07
1529387642.965917,Trading not profitable,0,15.0,41.51311526,41.51311526,0,14.96,6.1e-07,6.4e-07
1529387702.507691,Trading not profitable,0,15.0,41.51311526,41.51311526,0,14.96,6.1e-07,6.4e-07
1529387763.200607,Trading not profitable,0,15.0,41.51311526,41.51311526,14.95,0,6.1e-07,6.4e-07
1529387822.527035,Trading not profitable,0,15.0,41.51311526,41.51311526,14.95,0,6.1e-07,6.4e-07
1529387882.509872,Trading not profitable,0,15.0,41.51311526,41.51311526,0,14.95,6.1e-07,6.4e-07
1529387942.76674,Trading not profitable,0,15.0,41.51311526,41.51311526,0,14.96,6.1e-07,6.4e-07
1529388002.764467,Trading not profitable,0,15.0,41.51311526,41.51311526,14.96,0,6.1e-07,6.4e-07
1529388062.347389,Trading not profitable,0,15.0,41.51311526,41.51311526,0,14.97,6.1e-07,6.4e-07
1529388122.931821,Trading not profitable,0,15.0,41.51311526,41.51311526,0,14.97,6.1e-07,6.4e-07
1529388182.557629,Trading not profitable,0,15.0,41.51311526,41.51311526,0,14.97,6.1e-07,6.4e-07
1529388243.169872,Trading not profitable,0,15.0,41.51311526,41.51311526,0,14.96,6.1e-07,6.4e-07
1529388302.777277,Trading not profitable,0,15.0,41.51311526,41.51311526,0,14.96,6.1e-07,6.4e-07
1529388362.38868,Trading not profitable,0,15.0,41.51311526,41.51311526,0,14.96,6.1e-07,6.4e-07
1529388422.100442,Trading not profitable,0,15.0,41.51311526,41.51311526,14.96,0,6.1e-07,6.4e-07
1529388482.374046,Trading not profitable,0,15.0,41.51311526,41.51311526,14.96,0,6.1e-07,6.4e-07
1529388542.641952,Trading not profitable,0,15.0,41.51311526,41.51311526,14.96,0,6.1e-07,6.4e-07
1529388602.279772,Trading not profitable,0,15.0,41.51311526,41.51311526,14.96,0,6.1e-07,6.4e-07
1529388662.596555,Trading not profitable,0,15.0,41.51311526,41.51311526,14.96,0,6.1e-07,6.4e-07
1529388721.952947,Trading not profitable,0,15.0,41.51311526,41.51311526,0,14.95,6.1e-07,6.4e-07
1529388782.507689,Trading not profitable,0,15.0,41.51311526,41.51311526,0,14.97,6.1e-07,6.4e-07
1529388843.17335,Trading not profitable,0,15.0,41.51311526,41.51311526,0,14.96,6.1e-07,6.4e-07
1529388902.43474,Trading not profitable,0,15.0,41.51311526,41.51311526,0,14.96,6.1e-07,6.4e-07
1529388962.682723,Trading not profitable,0,15.0,41.51311526,41.51311526,14.97,0,6.1e-07,6.4e-07
1529389021.980116,Trading not profitable,0,15.0,41.51311526,41.51311526,0,14.96,6.1e-07,6.4e-07
1529389082.25278,Trading not profitable,0,15.0,41.51311526,41.51311526,0,14.97,6.1e-07,6.4e-07
1529389142.415773,Trading not profitable,0,15.0,41.51311526,41.51311526,0,14.96,6.1e-07,6.4e-07
1529389202.484676,Trading not profitable,0,15.0,41.51311526,41.51311526,14.96,0,6.1e-07,6.4e-07
1529389263.130542,Trading not profitable,0,15.0,41.51311526,41.51311526,0,14.96,6.1e-07,6.4e-07
1529389322.303338,Trading not profitable,0,15.0,41.51311526,41.51311526,14.95,0,6.1e-07,6.4e-07
1529389383.10511,Trading not profitable,0,15.0,41.51311526,41.51311526,14.96,0,6.1e-07,6.4e-07
1529389442.750161,Trading not profitable,0,15.0,41.51311526,41.51311526,14.96,0,6.1e-07,6.4e-07
1529389502.788794,Trading not profitable,0,15.0,41.51311526,41.51311526,14.95,0,6.1e-07,6.4e-07
1529389563.126637,Trading not profitable,0,15.0,41.51311526,41.51311526,14.97,0,6.1e-07,6.4e-07
1529389622.732867,Trading not profitable,0,15.0,41.51311526,41.51311526,14.96,0,6.1e-07,6.4e-07
1529389682.589625,Trading not profitable,0,15.0,41.51311526,41.51311526,14.96,0,6.1e-07,6.4e-07
1529389742.694556,Trading not profitable,0,15.0,41.51311526,41.51311526,14.95,0,6.1e-07,6.4e-07
1529389803.452014,Trading not profitable,0,15.0,41.51311526,41.51311526,14.97,0,6.1e-07,6.4e-07
1529389862.476905,Trading not profitable,0,15.0,41.51311526,41.51311526,14.97,0,6.1e-07,6.4e-07
1529389922.104886,Trading not profitable,0,15.0,41.51311526,41.51311526,0,14.96,6.1e-07,6.4e-07
1529389982.982783,Trading not profitable,0,15.0,41.51311526,41.51311526,0,14.96,6.1e-07,6.4e-07
1529390042.247437,Trading not profitable,0,15.0,41.51311526,41.51311526,14.95,0,6.1e-07,6.4e-07
1529390102.198701,Trading not profitable,0,15.0,41.51311526,41.51311526,0,14.96,6.1e-07,6.4e-07
1529390162.78274,Trading not profitable,0,15.0,41.51311526,41.51311526,0,14.96,6.1e-07,6.4e-07
1529390222.007504,Trading not profitable,0,15.0,41.51311526,41.51311526,0,14.96,6.1e-07,6.4e-07
1529390282.240503,Trading not profitable,0,15.0,41.51311526,41.51311526,14.95,0,6.1e-07,6.4e-07
1529390341.880969,Trading not profitable,0,15.0,41.51311526,41.51311526,0,14.97,6.1e-07,6.4e-07
1529390402.025835,Trading not profitable,0,15.0,41.51311526,41.51311526,14.97,0,6.1e-07,6.4e-07
1529390462.085682,Trading not profitable,0,15.0,41.51311526,41.51311526,14.96,0,6.1e-07,6.4e-07
1529390522.378941,Trading not profitable,0,15.0,41.51311526,41.51311526,14.95,0,6.1e-07,6.4e-07
1529390582.057063,Trading not profitable,0,15.0,41.51311526,41.51311526,14.95,0,6.1e-07,6.4e-07
1529390642.677607,Trading not profitable,0,15.0,41.51311526,41.51311526,0,14.96,6.1e-07,6.4e-07
1529390702.970981,Trading not profitable,0,15.0,41.51311526,41.51311526,14.96,0,6.1e-07,6.4e-07
1529390762.167629,Trading not profitable,0,15.0,41.51311526,41.51311526,14.96,0,6.1e-07,6.4e-07
1529390822.566738,Trading not profitable,0,15.0,41.51311526,41.51311526,14.96,0,6.1e-07,6.4e-07
1529390881.879941,Trading not profitable,0,15.0,41.51311526,41.51311526,14.95,0,6.1e-07,6.4e-07
1529390942.121687,Trading not profitable,0,15.0,41.51311526,41.51311526,14.96,0,6.1e-07,6.4e-07
1529391002.295981,Trading not profitable,0,15.0,41.51311526,41.51311526,14.96,0,6.1e-07,6.4e-07
1529391062.458046,Trading not profitable,0,15.0,41.51311526,41.51311526,14.97,0,6.1e-07,6.4e-07
1529391122.519383,Trading not profitable,0,15.0,41.51311526,41.51311526,14.96,0,6.1e-07,6.4e-07
1529391182.150522,Trading not profitable,0,15.0,41.51311526,41.51311526,0,14.95,6.1e-07,6.4e-07
1529391242.384287,Trading not profitable,0,15.0,41.51311526,41.51311526,14.96,0,6.1e-07,6.4e-07
1529391302.599204,Trading not profitable,0,15.0,41.51311526,41.51311526,14.96,0,6.1e-07,6.4e-07
1529391362.364771,Trading not profitable,0,15.0,41.51311526,41.51311526,14.96,0,6.1e-07,6.4e-07
1529391421.995383,Trading not profitable,0,15.0,41.51311526,41.51311526,0,14.96,6.1e-07,6.4e-07
1529391482.272268,Trading not profitable,0,15.0,41.51311526,41.51311526,14.95,0,6.1e-07,6.4e-07
1529391543.305467,Trading not profitable,0,15.0,41.51311526,41.51311526,0,14.96,6.1e-07,6.4e-07
1529391602.474361,Trading not profitable,0,15.0,41.51311526,41.51311526,0,14.96,6.1e-07,6.4e-07
1529391662.407361,Trading not profitable,0,15.0,41.51311526,41.51311526,14.96,0,6.1e-07,6.4e-07
1529391722.102215,Trading not profitable,0,15.0,41.51311526,41.51311526,0,14.96,6.1e-07,6.4e-07
1529391782.255596,Trading not profitable,0,15.0,41.51311526,41.51311526,0,14.96,6.1e-07,6.4e-07
1529391842.283326,Trading not profitable,0,15.0,41.51311526,41.51311526,14.95,0,6.1e-07,6.4e-07
1529391902.562174,Trading not profitable,0,15.0,41.51311526,41.51311526,14.97,0,6.1e-07,6.4e-07
1529391962.073494,Trading not profitable,0,15.0,41.51311526,41.51311526,14.96,0,6.1e-07,6.4e-07
1529392022.143857,Trading not profitable,0,15.0,41.51311526,41.51311526,0,14.95,6.1e-07,6.4e-07
1529392082.397463,Trading not profitable,0,15.0,41.51311526,41.51311526,0,14.95,6.1e-07,6.4e-07
1529392141.980703,Trading not profitable,0,15.0,41.51311526,41.51311526,0,14.96,6.1e-07,6.4e-07
1529392202.265788,Trading not profitable,0,15.0,41.51311526,41.51311526,14.96,0,6.1e-07,6.4e-07
1529392261.940392,Trading not profitable,0,15.0,41.51311526,41.51311526,14.95,0,6.1e-07,6.4e-07
1529392322.20959,Trading not profitable,0,15.0,41.51311526,41.51311526,0,14.96,6.1e-07,6.4e-07
1529392382.389467,Trading not profitable,0,15.0,41.51311526,41.51311526,0,14.96,6.1e-07,6.4e-07
1529392442.643799,Trading not profitable,0,15.0,41.51311526,41.51311526,0,14.96,6.1e-07,6.4e-07
1529392502.696298,Trading not profitable,0,15.0,41.51311526,41.51311526,14.96,0,6.1e-07,6.4e-07
1529392561.983542,Trading not profitable,0,15.0,41.51311526,41.51311526,0,14.97,6.1e-07,6.4e-07
1529392622.257836,Trading not profitable,0,15.0,41.51311526,41.51311526,0,14.96,6.1e-07,6.4e-07
1529392681.897024,Trading not profitable,0,15.0,41.51311526,41.51311526,0,14.96,6.1e-07,6.4e-07
1529392742.047464,Trading not profitable,0,15.0,41.51311526,41.51311526,14.96,0,6.1e-07,6.4e-07
1529392802.299353,Trading not profitable,0,15.0,41.51311526,41.51311526,0,14.95,6.1e-07,6.4e-07
1529392862.275183,Trading not profitable,0,15.0,41.51311526,41.51311526,14.96,0,6.1e-07,6.4e-07
1529392922.385431,Trading not profitable,0,15.0,41.51311526,41.51311526,14.97,0,6.1e-07,6.4e-07
1529392982.357284,Trading not profitable,0,15.0,41.51311526,41.51311526,14.97,0,6.1e-07,6.4e-07
1529393042.288497,Trading not profitable,0,15.0,41.51311526,41.51311526,14.96,0,6.1e-07,6.4e-07
1529393102.670111,Trading not profitable,0,15.0,41.51311526,41.51311526,14.96,0,6.1e-07,6.4e-07
1529393161.837515,Trading not profitable,0,15.0,41.51311526,41.51311526,14.96,0,6.1e-07,6.4e-07
1529393222.556385,Trading not profitable,0,15.0,41.51311526,41.51311526,0,14.96,6.1e-07,6.4e-07
1529393283.165056,Trading not profitable,0,15.0,41.51311526,41.51311526,14.97,0,6.1e-07,6.4e-07
1529393342.687717,Trading not profitable,0,15.0,41.51311526,41.51311526,0,14.96,6.1e-07,6.4e-07
1529393403.63069,Trading not profitable,0,15.0,41.51311526,41.51311526,14.96,0,6.1e-07,6.4e-07
1529393462.577432,Trading not profitable,0,15.0,41.51311526,41.51311526,0,14.95,6.1e-07,6.4e-07
1529393522.077475,Trading not profitable,0,15.0,41.51311526,41.51311526,0,14.96,6.1e-07,6.4e-07
1529393582.98394,Trading not profitable,0,15.0,41.51311526,41.51311526,14.96,0,6.1e-07,6.4e-07
1529393642.09321,Trading not profitable,0,15.0,41.51311526,41.51311526,14.96,0,6.1e-07,6.4e-07
1529393703.115326,Trading not profitable,0,15.0,41.51311526,41.51311526,14.96,0,6.1e-07,6.4e-07
1529393762.444715,Trading not profitable,0,15.0,41.51311526,41.51311526,14.97,0,6.1e-07,6.4e-07
1529393822.918769,Trading not profitable,0,15.0,41.51311526,41.51311526,14.96,0,6.1e-07,6.4e-07
1529393882.598999,Trading not profitable,0,15.0,41.51311526,41.51311526,0,14.95,6.1e-07,6.4e-07
1529393942.264693,Trading not profitable,0,15.0,41.51311526,41.51311526,0,14.96,6.1e-07,6.4e-07
1529394003.76847,Trading not profitable,0,15.0,41.51311526,41.51311526,14.95,0,6.1e-07,6.4e-07
1529394062.417058,Trading not profitable,0,15.0,41.51311526,41.51311526,0,14.96,6.1e-07,6.4e-07
1529394122.395459,Trading not profitable,0,15.0,41.51311526,41.51311526,0,14.95,6.1e-07,6.4e-07
1529394182.452258,Trading not profitable,0,15.0,41.51311526,41.51311526,0,14.96,6.1e-07,6.4e-07
1529394242.513473,Trading not profitable,0,15.0,41.51311526,41.51311526,0,14.96,6.1e-07,6.4e-07
1529394302.138123,Trading not profitable,0,15.0,41.51311526,41.51311526,0,14.96,6.1e-07,6.4e-07
1529394362.14621,Trading not profitable,0,15.0,41.51311526,41.51311526,0,14.96,6.1e-07,6.4e-07
1529394422.791631,Trading not profitable,0,15.0,41.51311526,41.51311526,14.96,0,6.1e-07,6.4e-07
1529394482.433387,Trading not profitable,0,15.0,41.51311526,41.51311526,0,14.96,6.1e-07,6.4e-07
1529394542.191094,Trading not profitable,0,15.0,41.51311526,41.51311526,0,14.97,6.1e-07,6.4e-07
1529394602.394744,Trading not profitable,0,15.0,41.51311526,41.51311526,14.95,0,6.1e-07,6.4e-07
1529394662.470053,Trading not profitable,0,15.0,41.51311526,41.51311526,14.95,0,6.1e-07,6.4e-07
1529394722.173595,Trading not profitable,0,15.0,41.51311526,41.51311526,0,14.95,6.1e-07,6.4e-07
1529394782.152907,Trading not profitable,0,15.0,41.51311526,41.51311526,14.96,0,6.1e-07,6.4e-07
1529394842.686434,Trading not profitable,0,15.0,41.51311526,41.51311526,0,14.95,6.1e-07,6.4e-07
1529394902.319488,Trading not profitable,0,15.0,41.51311526,41.51311526,0,14.96,6.1e-07,6.4e-07
1529394962.301346,Trading not profitable,0,15.0,41.51311526,41.51311526,0,14.96,6.1e-07,6.4e-07
1529395022.676647,Trading not profitable,0,15.0,41.51311526,41.51311526,14.95,0,6.1e-07,6.4e-07
1529395082.637944,Trading not profitable,0,15.0,41.51311526,41.51311526,0,14.96,6.1e-07,6.4e-07
1529395142.719956,Trading not profitable,0,15.0,41.51311526,41.51311526,0,14.95,6.1e-07,6.4e-07
1529395202.027367,Trading not profitable,0,15.0,41.51311526,41.51311526,14.95,0,6.1e-07,6.4e-07
1529395262.266619,Trading not profitable,0,15.0,41.51311526,41.51311526,14.96,0,6.1e-07,6.4e-07
1529395322.545604,Trading not profitable,0,15.0,41.51311526,41.51311526,14.96,0,6.1e-07,6.4e-07
1529395383.090753,Trading not profitable,0,15.0,41.51311526,41.51311526,0,14.96,6.1e-07,6.4e-07
1529395442.687237,Trading not profitable,0,15.0,41.51311526,41.51311526,14.96,0,6.1e-07,6.4e-07
1529395502.766939,Trading not profitable,0,15.0,41.51311526,41.51311526,14.97,0,6.1e-07,6.4e-07
1529395562.328086,Trading not profitable,0,15.0,41.51311526,41.51311526,0,14.96,6.1e-07,6.4e-07
1529395622.3085,Trading not profitable,0,15.0,41.51311526,41.51311526,0,14.95,6.1e-07,6.4e-07
1529395682.463503,Trading not profitable,0,15.0,41.51311526,41.51311526,0,14.95,6.1e-07,6.4e-07
1529395742.528508,Trading not profitable,0,15.0,41.51311526,41.51311526,14.96,0,6.1e-07,6.4e-07
1529395803.441577,Trading not profitable,0,15.0,41.51311526,41.51311526,14.97,0,6.1e-07,6.4e-07
1529395862.098322,Trading not profitable,0,15.0,41.51311526,41.51311526,0,14.96,6.1e-07,6.4e-07
1529395922.027156,Trading not profitable,0,15.0,41.51311526,41.51311526,0,14.96,6.1e-07,6.4e-07
1529395982.265203,Trading not profitable,0,15.0,41.51311526,41.51311526,0,14.96,6.1e-07,6.4e-07
1529396042.231134,Trading not profitable,0,15.0,41.51311526,41.51311526,14.97,0,6.1e-07,6.4e-07
1529396102.492983,Trading not profitable,0,15.0,41.51311526,41.51311526,14.97,0,6.1e-07,6.4e-07
1529396162.714465,Trading not profitable,0,15.0,41.51311526,41.51311526,0,14.96,6.1e-07,6.4e-07
1529396222.246993,Trading not profitable,0,15.0,41.51311526,41.51311526,14.97,0,6.1e-07,6.4e-07
1529396283.22592,Trading not profitable,0,15.0,41.51311526,41.51311526,14.95,0,6.1e-07,6.4e-07
1529396342.8352,Trading not profitable,0,15.0,41.51311526,41.51311526,0,14.98,6.1e-07,6.4e-07
1529396402.031286,Trading not profitable,0,15.0,41.51311526,41.51311526,0,14.95,6.1e-07,6.4e-07
1529396462.601732,Trading not profitable,0,15.0,41.51311526,41.51311526,0,14.97,6.1e-07,6.4e-07
1529396523.220565,Trading not profitable,0,15.0,41.51311526,41.51311526,0,14.95,6.1e-07,6.4e-07
1529396582.214798,Trading not profitable,0,15.0,41.51311526,41.51311526,14.96,0,6.1e-07,6.4e-07
1529396642.813666,Trading not profitable,0,15.0,41.51311526,41.51311526,14.95,0,6.1e-07,6.4e-07
1529396702.703292,Trading not profitable,0,15.0,41.51311526,41.51311526,0,14.96,6.1e-07,6.4e-07
1529396762.771467,Trading not profitable,0,15.0,41.51311526,41.51311526,0,14.95,6.1e-07,6.4e-07
1529396822.417555,Trading not profitable,0,15.0,41.51311526,41.51311526,14.97,0,6.1e-07,6.4e-07
1529396882.014338,Trading not profitable,0,15.0,41.51311526,41.51311526,0,14.96,6.1e-07,6.4e-07
1529396942.286951,Trading not profitable,0,15.0,41.51311526,41.51311526,14.97,0,6.1e-07,6.4e-07
1529397002.512972,Trading not profitable,0,15.0,41.51311526,41.51311526,14.97,0,6.1e-07,6.4e-07
1529397062.084418,Trading not profitable,0,15.0,41.51311526,41.51311526,14.96,0,6.1e-07,6.4e-07
1529397123.078343,Trading not profitable,0,15.0,41.51311526,41.51311526,14.96,0,6.1e-07,6.4e-07
1529397182.021842,Trading not profitable,0,15.0,41.51311526,41.51311526,14.95,0,6.1e-07,6.4e-07
1529397242.414895,Trading not profitable,0,15.0,41.51311526,41.51311526,14.97,0,6.1e-07,6.4e-07
1529397303.030655,Trading not profitable,0,15.0,41.51311526,41.51311526,14.96,0,6.1e-07,6.4e-07
1529397362.639375,Trading not profitable,0,15.0,41.51311526,41.51311526,14.96,0,6.1e-07,6.4e-07
1529397422.819184,Trading not profitable,0,15.0,41.51311526,41.51311526,14.98,0,6.1e-07,6.4e-07
1529397482.465236,Trading not profitable,0,15.0,41.51311526,41.51311526,14.96,0,6.1e-07,6.4e-07
1529397542.615254,Trading not profitable,0,15.0,41.51311526,41.51311526,14.96,0,6.1e-07,6.4e-07
1529397602.656792,Trading not profitable,0,15.0,41.51311526,41.51311526,14.96,0,6.1e-07,6.4e-07
1529397662.681491,Trading not profitable,0,15.0,41.51311526,41.51311526,0,14.96,6.1e-07,6.4e-07
1529397722.397985,Trading not profitable,0,15.0,41.51311526,41.51311526,0,14.96,6.1e-07,6.4e-07
1529397782.561789,Trading not profitable,0,15.0,41.51311526,41.51311526,0,14.95,6.1e-07,6.4e-07
1529397842.59924,Trading not profitable,0,15.0,41.51311526,41.51311526,14.96,0,6.1e-07,6.4e-07
1529397902.217056,Trading not profitable,0,15.0,41.51311526,41.51311526,14.96,0,6.1e-07,6.4e-07
1529397962.527461,Trading not profitable,0,15.0,41.51311526,41.51311526,14.95,0,6.1e-07,6.4e-07
1529398023.209855,Trading not profitable,0,15.0,41.51311526,41.51311526,0,14.95,6.1e-07,6.4e-07
1529398082.479923,Trading not profitable,0,15.0,41.51311526,41.51311526,14.95,0,6.1e-07,6.4e-07
1529398143.066654,Trading not profitable,0,15.0,41.51311526,41.51311526,14.96,0,6.1e-07,6.4e-07
1529398202.332571,Trading not profitable,0,15.0,41.51311526,41.51311526,0,14.96,6.1e-07,6.4e-07
1529398262.607733,Trading not profitable,0,15.0,41.51311526,41.51311526,14.95,0,6.1e-07,6.4e-07
1529398322.567528,Trading not profitable,0,15.0,41.51311526,41.51311526,14.96,0,6.1e-07,6.4e-07
1529398383.178998,Trading not profitable,0,15.0,41.51311526,41.51311526,14.97,0,6.1e-07,6.4e-07
1529398443.024794,Trading not profitable,0,15.0,41.51311526,41.51311526,14.97,0,6.1e-07,6.4e-07
1529398502.369694,Trading not profitable,0,15.0,41.51311526,41.51311526,14.97,0,6.1e-07,6.4e-07
1529398562.628611,Trading not profitable,0,15.0,41.51311526,41.51311526,14.97,0,6.1e-07,6.4e-07
1529398621.897185,Trading not profitable,0,15.0,41.51311526,41.51311526,14.98,0,6.1e-07,6.4e-07
1529398682.889478,Trading not profitable,0,15.0,41.51311526,41.51311526,14.96,0,6.1e-07,6.4e-07
1529398742.217448,Trading not profitable,0,15.0,41.51311526,41.51311526,0,14.96,6.1e-07,6.4e-07
1529398802.253003,Trading not profitable,0,15.0,41.51311526,41.51311526,14.96,0,6.1e-07,6.4e-07
1529398861.870879,Trading not profitable,0,15.0,41.51311526,41.51311526,14.97,0,6.1e-07,6.4e-07
1529398922.184935,Trading not profitable,0,15.0,41.51311526,41.51311526,14.96,0,6.1e-07,6.4e-07
1529398982.205849,Trading not profitable,0,15.0,41.51311526,41.51311526,14.96,0,6.1e-07,6.4e-07
1529399043.251822,Trading not profitable,0,15.0,41.51311526,41.51311526,14.97,0,6.1e-07,6.4e-07
1529399102.576261,Trading not profitable,0,15.0,41.51311526,41.51311526,14.96,0,6.1e-07,6.4e-07
1529399162.482248,Trading not profitable,0,15.0,41.51311526,41.51311526,0,14.96,6.1e-07,6.4e-07
1529399222.452002,Trading not profitable,0,15.0,41.51311526,41.51311526,14.95,0,6.1e-07,6.4e-07
1529399282.56456,Trading not profitable,0,15.0,41.51311526,41.51311526,0,14.96,6.1e-07,6.4e-07
1529399342.268363,Trading not profitable,0,15.0,41.51311526,41.51311526,0,14.97,6.1e-07,6.4e-07
1529399403.284286,Trading not profitable,0,15.0,41.51311526,41.51311526,14.96,0,6.1e-07,6.4e-07
1529399463.03044,Trading not profitable,0,15.0,41.51311526,41.51311526,0,14.96,6.1e-07,6.4e-07
1529399522.941429,Trading not profitable,0,15.0,41.51311526,41.51311526,0,14.96,6.1e-07,6.4e-07
1529399582.507071,Trading not profitable,0,15.0,41.51311526,41.51311526,0,14.96,6.1e-07,6.4e-07
1529399642.410299,Trading not profitable,0,15.0,41.51311526,41.51311526,14.95,0,6.1e-07,6.4e-07
1529399703.418147,Trading not profitable,0,15.0,41.51311526,41.51311526,0,14.95,6.1e-07,6.4e-07
1529399762.464325,Trading not profitable,0,15.0,41.51311526,41.51311526,14.96,0,6.1e-07,6.4e-07
1529399822.709536,Trading not profitable,0,15.0,41.51311526,41.51311526,0,14.96,6.1e-07,6.4e-07
1529399881.975873,Trading not profitable,0,15.0,41.51311526,41.51311526,0,14.96,6.1e-07,6.4e-07
1529399942.897093,Trading not profitable,0,15.0,41.51311526,41.51311526,0,14.96,6.1e-07,6.4e-07
1529400003.002908,Trading not profitable,0,15.0,41.51311526,41.51311526,0,14.96,6.1e-07,6.4e-07
1529400062.138942,Trading not profitable,0,15.0,41.51311526,41.51311526,14.96,0,6.1e-07,6.4e-07
1529400122.19945,Trading not profitable,0,15.0,41.51311526,41.51311526,14.96,0,6.1e-07,6.4e-07
1529400182.524732,Trading not profitable,0,15.0,41.51311526,41.51311526,14.96,0,6.1e-07,6.4e-07
1529400242.041348,Trading not profitable,0,15.0,41.51311526,41.51311526,14.96,0,6.1e-07,6.4e-07
1529400302.139435,Trading not profitable,0,15.0,41.51311526,41.51311526,0,14.96,6.1e-07,6.4e-07
1529400362.497667,Trading not profitable,0,15.0,41.51311526,41.51311526,0,14.96,6.1e-07,6.4e-07
1529400423.533757,Trading not profitable,0,15.0,41.51311526,41.51311526,0,14.96,6.1e-07,6.4e-07
1529400482.86856,Trading not profitable,0,15.0,41.51311526,41.51311526,14.96,0,6.1e-07,6.4e-07
1529400542.153534,Trading not profitable,0,15.0,41.51311526,41.51311526,0,14.96,6.1e-07,6.4e-07
1529400602.47663,Trading not profitable,0,15.0,41.51311526,41.51311526,14.96,0,6.1e-07,6.4e-07
1529400663.08276,Trading not profitable,0,15.0,41.51311526,41.51311526,0,14.96,6.1e-07,6.4e-07
1529400722.344644,Trading not profitable,0,15.0,41.51311526,41.51311526,0,14.95,6.1e-07,6.4e-07
1529400782.561179,Trading not profitable,0,15.0,41.51311526,41.51311526,14.95,0,6.1e-07,6.4e-07
1529400842.811261,Trading not profitable,0,15.0,41.51311526,41.51311526,0,14.95,6.1e-07,6.4e-07
1529400902.063329,Trading not profitable,0,15.0,41.51311526,41.51311526,0,14.96,6.1e-07,6.4e-07
1529400962.345076,Trading not profitable,0,15.0,41.51311526,41.51311526,0,14.96,6.1e-07,6.4e-07
1529401022.608416,Trading not profitable,0,15.0,41.51311526,41.51311526,0,14.96,6.1e-07,6.4e-07
1529401081.783202,Trading not profitable,0,15.0,41.51311526,41.51311526,14.95,0,6.1e-07,6.4e-07
1529401142.857852,Trading not profitable,0,15.0,41.51311526,41.51311526,14.95,0,6.1e-07,6.4e-07
1529401202.435366,Trading not profitable,0,15.0,41.51311526,41.51311526,0,14.96,6.1e-07,6.4e-07
1529401262.801427,Trading not profitable,0,15.0,41.51311526,41.51311526,0,14.96,6.1e-07,6.4e-07
1529401322.335644,Trading not profitable,0,15.0,41.51311526,41.51311526,0,14.95,6.1e-07,6.4e-07
1529401382.303876,Trading not profitable,0,15.0,41.51311526,41.51311526,14.96,0,6.1e-07,6.4e-07
1529401442.664442,Trading not profitable,0,15.0,41.51311526,41.51311526,14.95,0,6.1e-07,6.4e-07
1529401501.899861,Trading not profitable,0,15.0,41.51311526,41.51311526,0,14.95,6.1e-07,6.4e-07
1529401562.572105,Trading not profitable,0,15.0,41.51311526,41.51311526,0,14.97,6.1e-07,6.4e-07
1529401622.896392,Trading not profitable,0,15.0,41.51311526,41.51311526,0,14.95,6.1e-07,6.4e-07
1529401682.123084,Trading not profitable,0,15.0,41.51311526,41.51311526,14.96,0,6.1e-07,6.4e-07
1529401742.430654,Trading not profitable,0,15.0,41.51311526,41.51311526,0,14.96,6.1e-07,6.4e-07
1529401802.495471,Trading not profitable,0,15.0,41.51311526,41.51311526,0,14.96,6.1e-07,6.4e-07
1529401862.499186,Trading not profitable,0,15.0,41.51311526,41.51311526,14.96,0,6.1e-07,6.4e-07
1529401922.448896,Trading not profitable,0,15.0,41.51311526,41.51311526,0,14.95,6.1e-07,6.4e-07
1529401982.023755,Trading not profitable,0,15.0,41.51311526,41.51311526,0,14.96,6.1e-07,6.4e-07
1529402042.318292,Trading not profitable,0,15.0,41.51311526,41.51311526,0,14.96,6.1e-07,6.4e-07
1529402102.610779,Trading not profitable,0,15.0,41.51311526,41.51311526,14.96,0,6.1e-07,6.4e-07
1529402161.873408,Trading not profitable,0,15.0,41.51311526,41.51311526,14.97,0,6.1e-07,6.4e-07
1529402222.195432,Trading not profitable,0,15.0,41.51311526,41.51311526,14.95,0,6.1e-07,6.4e-07
1529402282.407323,Trading not profitable,0,15.0,41.51311526,41.51311526,14.96,0,6.1e-07,6.4e-07
1529402402.191766,Trading not profitable,0,15.0,41.51311526,41.51311526,0,14.96,6.1e-07,6.4e-07
1529402461.918201,Trading not profitable,0,15.0,41.51311526,41.51311526,0,14.96,6.1e-07,6.4e-07
1529402522.225078,Trading not profitable,0,15.0,41.51311526,41.51311526,0,14.97,6.1e-07,6.4e-07
1529402582.795659,Trading not profitable,0,15.0,41.51311526,41.51311526,0,14.95,6.1e-07,6.4e-07
1529402642.033787,Trading not profitable,0,15.0,41.51311526,41.51311526,14.96,0,6.1e-07,6.4e-07
1529402702.132663,Trading not profitable,0,15.0,41.51311526,41.51311526,0,14.96,6.1e-07,6.4e-07
1529402762.341139,Trading not profitable,0,15.0,41.51311526,41.51311526,14.97,0,6.1e-07,6.4e-07
1529402822.611406,Trading not profitable,0,15.0,41.51311526,41.51311526,14.96,0,6.1e-07,6.4e-07
1529402881.893804,Trading not profitable,0,15.0,41.51311526,41.51311526,14.96,0,6.1e-07,6.4e-07
1529402942.535854,Trading not profitable,0,15.0,41.51311526,41.51311526,14.96,0,6.1e-07,6.4e-07
1529403062.11158,Trading not profitable,0,15.0,41.51311526,41.51311526,0,14.96,6.1e-07,6.4e-07
1529403122.389962,Trading not profitable,0,15.0,41.51311526,41.51311526,14.96,0,6.1e-07,6.4e-07
1529403182.669771,Trading not profitable,0,15.0,41.51311526,41.51311526,0,14.96,6.1e-07,6.4e-07
1529403242.674101,Trading not profitable,0,15.0,41.51311526,41.51311526,0,14.96,6.1e-07,6.4e-07
1529403301.946982,Trading not profitable,0,15.0,41.51311526,41.51311526,0,14.95,6.1e-07,6.4e-07
1529403361.95027,Trading not profitable,0,15.0,41.51311526,41.51311526,14.96,0,6.1e-07,6.4e-07
1529403422.9197,Trading not profitable,0,15.0,41.51311526,41.51311526,14.96,0,6.1e-07,6.4e-07
1529403481.876442,Trading not profitable,0,15.0,41.51311526,41.51311526,14.96,0,6.1e-07,6.4e-07
1529403542.12697,Trading not profitable,0,15.0,41.51311526,41.51311526,14.96,0,6.1e-07,6.4e-07
1529403602.73805,Trading not profitable,0,15.0,41.51311526,41.51311526,14.97,0,6.1e-07,6.4e-07
1529403662.032403,Trading not profitable,0,15.0,41.51311526,41.51311526,0,14.97,6.1e-07,6.4e-07
1529403782.326918,Trading not profitable,0,15.0,41.51311526,41.51311526,0,14.96,6.1e-07,6.4e-07
1529403842.60381,Trading not profitable,0,15.0,41.51311526,41.51311526,0,14.96,6.1e-07,6.4e-07
1529403901.886711,Trading not profitable,0,15.0,41.51311526,41.51311526,14.96,0,6.1e-07,6.4e-07
1529403962.176005,Trading not profitable,0,15.0,41.51311526,41.51311526,0,14.96,6.1e-07,6.4e-07
1529404022.431817,Trading not profitable,0,15.0,41.51311526,41.51311526,14.96,0,6.1e-07,6.4e-07
1529404082.803378,Trading not profitable,0,15.0,41.51311526,41.51311526,14.95,0,6.1e-07,6.4e-07
1529404142.346576,Trading not profitable,0,15.0,41.51311526,41.51311526,14.98,0,6.1e-07,6.4e-07
1529404202.307078,Trading not profitable,0,15.0,41.51311526,41.51311526,14.96,0,6.1e-07,6.4e-07
1529404262.688213,Trading not profitable,0,15.0,41.51311526,41.51311526,0,14.96,6.1e-07,6.4e-07
1529404322.672512,Trading not profitable,0,15.0,41.51311526,41.51311526,14.95,0,6.1e-07,6.4e-07
1529404442.324593,Trading not profitable,0,15.0,41.51311526,41.51311526,14.96,0,6.1e-07,6.4e-07
1529404503.302975,Trading not profitable,0,15.0,41.51311526,41.51311526,0,14.97,6.1e-07,6.4e-07
1529404562.753453,Trading not profitable,0,15.0,41.51311526,41.51311526,0,14.97,6.1e-07,6.4e-07
1529404622.665571,Trading not profitable,0,15.0,41.51311526,41.51311526,0,14.97,6.1e-07,6.4e-07
1529404681.894603,Trading not profitable,0,15.0,41.51311526,41.51311526,14.95,0,6.1e-07,6.4e-07
1529404742.179339,Trading not profitable,0,15.0,41.51311526,41.51311526,0,14.96,6.1e-07,6.4e-07
1529404802.741028,Trading not profitable,0,15.0,41.51311526,41.51311526,0,14.96,6.1e-07,6.4e-07
1529404862.399575,Trading not profitable,0,15.0,41.51311526,41.51311526,14.96,0,6.1e-07,6.4e-07
1529404921.993124,Trading not profitable,0,15.0,41.51311526,41.51311526,0,14.96,6.1e-07,6.4e-07
1529404982.138921,Trading not profitable,0,15.0,41.51311526,41.51311526,14.97,0,6.1e-07,6.4e-07
1529405042.188519,Trading not profitable,0,15.0,41.51311526,41.51311526,0,14.96,6.1e-07,6.4e-07
1529405102.780727,Trading not profitable,0,15.0,41.51311526,41.51311526,0,14.97,6.1e-07,6.4e-07
1529405163.004197,Trading not profitable,0,15.0,41.51311526,41.51311526,0,14.97,6.1e-07,6.4e-07
1529405222.656414,Trading not profitable,0,15.0,41.51311526,41.51311526,0,14.96,6.1e-07,6.4e-07
1529405282.241808,Trading not profitable,0,15.0,41.51311526,41.51311526,14.96,0,6.1e-07,6.4e-07
1529405342.86391,Trading not profitable,0,15.0,41.51311526,41.51311526,14.96,0,6.1e-07,6.4e-07
1529405402.257729,Trading not profitable,0,15.0,41.51311526,41.51311526,14.97,0,6.1e-07,6.4e-07
1529405462.521718,Trading not profitable,0,15.0,41.51311526,41.51311526,14.96,0,6.1e-07,6.4e-07
1529405522.142653,Trading not profitable,0,15.0,41.51311526,41.51311526,14.95,0,6.1e-07,6.4e-07
1529405582.428337,Trading not profitable,0,15.0,41.51311526,41.51311526,14.95,0,6.1e-07,6.4e-07
1529405642.747861,Trading not profitable,0,15.0,41.51311526,41.51311526,14.97,0,6.1e-07,6.4e-07
1529405702.043388,Trading not profitable,0,15.0,41.51311526,41.51311526,0,14.97,6.1e-07,6.4e-07
1529405762.316412,Trading not profitable,0,15.0,41.51311526,41.51311526,0,14.97,6.1e-07,6.4e-07
1529405822.571189,Trading not profitable,0,15.0,41.51311526,41.51311526,0,14.96,6.1e-07,6.4e-07
1529405882.857754,Trading not profitable,0,15.0,41.51311526,41.51311526,0,14.96,6.1e-07,6.4e-07
1529405942.149749,Trading not profitable,0,15.0,41.51311526,41.51311526,0,14.96,6.1e-07,6.4e-07
1529406002.095385,Trading not profitable,0,15.0,41.51311526,41.51311526,14.95,0,6.1e-07,6.4e-07
1529406062.277935,Trading not profitable,0,15.0,41.51311526,41.51311526,0,14.97,6.1e-07,6.4e-07
1529406122.538291,Trading not profitable,0,15.0,41.51311526,41.51311526,0,14.95,6.1e-07,6.4e-07
1529406182.793971,Trading not profitable,0,15.0,41.51311526,41.51311526,0,14.96,6.1e-07,6.4e-07
1529406242.382924,Trading not profitable,0,15.0,41.51311526,41.51311526,0,14.96,6.1e-07,6.4e-07
1529406303.011493,Trading not profitable,0,15.0,41.51311526,41.51311526,0,14.97,6.1e-07,6.4e-07
1529406362.249052,Trading not profitable,0,15.0,41.51311526,41.51311526,0,14.97,6.1e-07,6.4e-07
1529406422.938896,Trading not profitable,0,15.0,41.51311526,41.51311526,0,14.96,6.1e-07,6.4e-07
1529406483.245571,Trading not profitable,0,15.0,41.51311526,41.51311526,0,14.96,6.1e-07,6.4e-07
1529406542.873802,Trading not profitable,0,15.0,41.51311526,41.51311526,0,14.98,6.1e-07,6.4e-07
1529406602.58386,Trading not profitable,0,15.0,41.51311526,41.51311526,0,14.98,6.1e-07,6.4e-07
1529406661.914915,Trading not profitable,0,15.0,41.51311526,41.51311526,0,14.96,6.1e-07,6.4e-07
1529406722.180349,Trading not profitable,0,15.0,41.51311526,41.51311526,0,14.98,6.1e-07,6.4e-07
1529406782.811358,Trading not profitable,0,15.0,41.51311526,41.51311526,0,14.96,6.1e-07,6.4e-07
1529406842.465091,Trading not profitable,0,15.0,41.51311526,41.51311526,0,14.98,6.1e-07,6.4e-07
1529406902.706595,Trading not profitable,0,15.0,41.51311526,41.51311526,0,14.97,6.1e-07,6.4e-07
1529406962.320372,Trading not profitable,0,15.0,41.51311526,41.51311526,0,14.97,6.1e-07,6.4e-07
1529407022.556925,Trading not profitable,0,15.0,41.51311526,41.51311526,14.97,0,6.1e-07,6.4e-07
1529407082.836951,Trading not profitable,0,15.0,41.51311526,41.51311526,0,14.95,6.1e-07,6.4e-07
1529407142.117395,Trading not profitable,0,15.0,41.51311526,41.51311526,14.96,0,6.1e-07,6.4e-07
1529407202.745241,Trading not profitable,0,15.0,41.51311526,41.51311526,0,14.97,6.1e-07,6.4e-07
1529407262.021626,Trading not profitable,0,15.0,41.51311526,41.51311526,14.97,0,6.1e-07,6.4e-07
1529407322.688611,Trading not profitable,0,15.0,41.51311526,41.51311526,0,14.95,6.1e-07,6.4e-07
1529407381.935219,Trading not profitable,0,15.0,41.51311526,41.51311526,0,14.95,6.1e-07,6.4e-07
1529407442.547667,Trading not profitable,0,15.0,41.51311526,41.51311526,0,14.97,6.1e-07,6.4e-07
1529407562.774149,Trading not profitable,0,15.0,41.51311526,41.51311526,14.97,0,6.1e-07,6.4e-07
1529407622.65932,Trading not profitable,0,15.0,41.51311526,41.51311526,0,14.96,6.1e-07,6.4e-07
1529407682.851161,Trading not profitable,0,15.0,41.51311526,41.51311526,0,14.97,6.1e-07,6.4e-07
1529407742.115905,Trading not profitable,0,15.0,41.51311526,41.51311526,14.95,0,6.1e-07,6.4e-07
1529407862.736705,Trading not profitable,0,15.0,26.50494429,26.50494429,0,14.96,6.1e-07,0.00222241
1529407922.010704,Trading not profitable,0,15.0,26.50494429,26.50494429,14.97,0,0.02697361,7e-05
1529407982.2659,Trading not profitable,0,15.0,26.50494429,26.50494429,14.96,0,0.02697361,7e-05
1529408043.00857,Trading not profitable,0,15.0,41.00029443,41.00029443,14.97,0,3.61e-06,7e-05
1529408163.019255,Trading not profitable,0,15.0,41.00029443,41.00029443,14.95,0,3.61e-06,7e-05
1529408222.65703,Trading not profitable,0,15.0,41.00029443,41.00029443,0,14.95,3.61e-06,7e-05
1529408281.854687,Trading not profitable,0,15.0,41.00029443,41.00029443,14.98,0,3.61e-06,7e-05
1529408342.475004,Trading not profitable,0,15.0,41.00029443,41.00029443,14.95,0,3.61e-06,7e-05
1529408403.128402,Trading not profitable,0,15.0,41.00029443,41.00029443,14.96,0,3.61e-06,7e-05
1529408462.406192,Trading not profitable,0,15.0,41.00029443,41.00029443,14.95,0,3.61e-06,7e-05
1529408522.636955,Trading not profitable,0,15.0,41.00029443,41.00029443,0,14.96,3.61e-06,7e-05
1529408582.309424,Trading not profitable,0,15.0,41.00029443,41.00029443,14.97,0,3.61e-06,7e-05
1529408642.621097,Trading not profitable,0,15.0,41.00029443,41.00029443,0,14.96,3.61e-06,7e-05
1529408701.932292,Trading not profitable,0,15.0,41.00029443,41.00029443,0,14.96,3.61e-06,7e-05
1529408762.404128,Trading not profitable,0,15.0,41.00029443,41.00029443,14.97,0,3.61e-06,7e-05
1529408822.718473,Trading not profitable,0,15.0,41.00029443,41.00029443,0,14.96,3.61e-06,7e-05
1529408882.012434,Trading not profitable,0,15.0,41.00029443,41.00029443,14.96,0,3.61e-06,7e-05
1529408942.688914,Trading not profitable,0,15.0,41.00029443,41.00029443,14.96,0,3.61e-06,7e-05
1529409002.094077,Trading not profitable,0,15.0,41.00029443,41.00029443,14.97,0,3.61e-06,7e-05
1529409062.389043,Trading not profitable,0,15.0,41.00029443,41.00029443,14.98,0,3.61e-06,7e-05
1529409122.32789,Trading not profitable,0,15.0,41.00029443,41.00029443,0,14.98,3.61e-06,7e-05
1529409181.964936,Trading not profitable,0,15.0,41.00029443,41.00029443,14.96,0,3.61e-06,7e-05
1529409242.237513,Trading not profitable,0,15.0,41.00029443,41.00029443,14.97,0,3.61e-06,7e-05
1529409302.514751,Trading not profitable,0,15.0,41.00029443,41.00029443,0,14.96,3.61e-06,7e-05
1529409362.759248,Trading not profitable,0,15.0,41.00029443,41.00029443,14.97,0,3.61e-06,7e-05
1529409422.022941,Trading not profitable,0,15.0,41.00029443,41.00029443,0,14.96,3.61e-06,7e-05
1529409482.265937,Trading not profitable,0,15.0,41.00029443,41.00029443,0,14.96,3.61e-06,7e-05
1529409542.551301,Trading not profitable,0,15.0,41.00029443,41.00029443,14.97,0,3.61e-06,7e-05
1529409602.833692,Trading not profitable,0,15.0,41.00029443,41.00029443,0,14.96,3.61e-06,7e-05
1529409662.157465,Trading not profitable,0,15.0,41.00029443,41.00029443,0,14.97,3.61e-06,7e-05
1529409722.897743,Trading not profitable,0,15.0,41.00029443,41.00029443,14.95,0,3.61e-06,7e-05
1529409782.495212,Trading not profitable,0,15.0,41.00029443,41.00029443,0,14.96,3.61e-06,7e-05
1529409843.179601,Trading not profitable,0,15.0,41.00029443,41.00029443,0,14.97,3.61e-06,7e-05
1529409902.45542,Trading not profitable,0,15.0,41.00029443,41.00029443,0,14.96,3.61e-06,7e-05
1529409963.092798,Trading not profitable,0,15.0,41.00029443,41.00029443,0,14.96,3.61e-06,7e-05
1529410022.355613,Trading not profitable,0,15.0,41.00029443,41.00029443,0,14.95,3.61e-06,7e-05
1529410082.617456,Trading not profitable,0,15.0,41.00029443,41.00029443,0,14.99,3.61e-06,7e-05
1529410142.576432,Trading not profitable,0,15.0,41.00029443,41.00029443,14.95,0,3.61e-06,7e-05
1529410202.14542,Trading not profitable,0,15.0,41.00029443,41.00029443,14.95,0,3.61e-06,7e-05
1529410262.441552,Trading not profitable,0,15.0,41.00029443,41.00029443,14.96,0,3.61e-06,7e-05
1529410322.095939,Trading not profitable,0,15.0,41.00029443,41.00029443,14.96,0,3.61e-06,7e-05
1529410442.093688,Trading not profitable,0,15.0,41.00029443,41.00029443,0,14.95,3.61e-06,7e-05
1529410502.362083,Trading not profitable,0,15.0,41.00029443,41.00029443,0,14.96,3.61e-06,7e-05
1529410563.340063,Trading not profitable,0,15.0,41.00029443,41.00029443,14.95,0,3.61e-06,7e-05
1529410621.957521,Trading not profitable,0,15.0,41.00029443,41.00029443,14.96,0,3.61e-06,7e-05
1529410682.907273,Trading not profitable,0,15.0,41.00029443,41.00029443,14.96,0,3.61e-06,7e-05
1529410741.888999,Trading not profitable,0,15.0,41.00029443,41.00029443,14.96,0,3.61e-06,7e-05
1529410802.354965,Trading not profitable,0,15.0,41.00029443,41.00029443,0,14.95,3.61e-06,7e-05
1529410862.620971,Trading not profitable,0,15.0,41.00029443,41.00029443,0,14.95,3.61e-06,7e-05
1529410921.868754,Trading not profitable,0,15.0,41.00029443,41.00029443,14.97,0,3.61e-06,7e-05
1529410982.11512,Trading not profitable,0,15.0,41.00029443,41.00029443,14.97,0,3.61e-06,7e-05
1529411043.101163,Trading not profitable,0,15.0,41.00029443,41.00029443,0,14.95,3.61e-06,7e-05
1529411102.416272,Trading not profitable,0,15.0,41.00029443,41.00029443,14.96,0,3.61e-06,7e-05
1529411162.463066,Trading not profitable,0,15.0,41.00029443,41.00029443,14.96,0,3.61e-06,7e-05
1529411222.08407,Trading not profitable,0,15.0,41.00029443,41.00029443,14.96,0,3.61e-06,7e-05
1529411283.037202,Trading not profitable,0,15.0,41.00029443,41.00029443,14.95,0,3.61e-06,7e-05
1529411342.291532,Trading not profitable,0,15.0,41.00029443,41.00029443,14.96,0,3.61e-06,7e-05
1529411402.897551,Trading not profitable,0,15.0,41.00029443,41.00029443,14.95,0,3.61e-06,7e-05
1529411462.476775,Trading not profitable,0,15.0,41.00029443,41.00029443,0,14.95,3.61e-06,7e-05
1529411522.434911,Trading not profitable,0,15.0,41.00029443,41.00029443,14.96,0,3.61e-06,7e-05
1529411583.094821,Trading not profitable,0,15.0,41.00029443,41.00029443,0,14.98,3.61e-06,7e-05
1529411642.385459,Trading not profitable,0,15.0,41.00029443,41.00029443,0,14.96,3.61e-06,7e-05
1529411701.986693,Trading not profitable,0,15.0,41.00029443,41.00029443,14.96,0,3.61e-06,7e-05
1529411762.26745,Trading not profitable,0,15.0,41.00029443,41.00029443,0,14.96,3.61e-06,7e-05
1529411821.888749,Trading not profitable,0,15.0,41.00029443,41.00029443,14.96,0,3.61e-06,7e-05
1529411882.525518,Trading not profitable,0,15.0,41.00029443,41.00029443,14.96,0,3.61e-06,7e-05
1529411942.793229,Trading not profitable,0,15.0,41.00029443,41.00029443,14.95,0,3.61e-06,7e-05
1529412002.067906,Trading not profitable,0,15.0,41.00029443,41.00029443,0,14.96,3.61e-06,7e-05
1529412062.389687,Trading not profitable,0,15.0,41.00029443,41.00029443,14.96,0,3.61e-06,7e-05
1529412122.422835,Trading not profitable,0,15.0,41.00029443,41.00029443,14.97,0,3.61e-06,7e-05
1529412182.698415,Trading not profitable,0,15.0,41.00029443,41.00029443,14.96,0,3.61e-06,7e-05
1529412241.960699,Trading not profitable,0,15.0,41.00029443,41.00029443,14.97,0,3.61e-06,7e-05
1529412302.235805,Trading not profitable,0,15.0,41.00029443,41.00029443,14.97,0,3.61e-06,7e-05
1529412362.537574,Trading not profitable,0,15.0,41.00029443,41.00029443,14.97,0,3.61e-06,7e-05
1529412422.822486,Trading not profitable,0,15.0,41.00029443,41.00029443,14.96,0,3.61e-06,7e-05
1529412482.139866,Trading not profitable,0,15.0,41.00029443,41.00029443,14.97,0,3.61e-06,7e-05
1529412542.457643,Trading not profitable,0,15.0,41.00029443,41.00029443,14.96,0,3.61e-06,7e-05
1529412602.793374,Trading not profitable,0,15.0,41.00029443,41.00029443,0,14.96,3.61e-06,7e-05
1529412662.138073,Trading not profitable,0,15.0,41.00029443,41.00029443,0,14.96,3.61e-06,7e-05
1529412722.396781,Trading not profitable,0,15.0,41.00029443,41.00029443,14.96,0,3.61e-06,7e-05
1529412783.764179,Trading not profitable,0,15.0,41.00029443,41.00029443,0,14.95,3.61e-06,7e-05
1529412842.724901,Trading not profitable,0,15.0,41.00029443,41.00029443,0,14.96,3.61e-06,7e-05
1529412901.984092,Trading not profitable,0,15.0,41.00029443,41.00029443,14.97,0,3.61e-06,7e-05
1529412962.657851,Trading not profitable,0,15.0,41.00029443,41.00029443,0,14.95,3.61e-06,7e-05
1529413022.225904,Trading not profitable,0,15.0,41.00029443,41.00029443,14.98,0,3.61e-06,7e-05
1529413082.824776,Trading not profitable,0,15.0,41.00029443,41.00029443,0,14.96,3.61e-06,7e-05
1529413142.157288,Trading not profitable,0,15.0,41.00029443,41.00029443,14.96,0,3.61e-06,7e-05
1529413202.415306,Trading not profitable,0,15.0,41.00029443,41.00029443,14.96,0,3.61e-06,7e-05
1529413261.985484,Trading not profitable,0,15.0,41.00029443,41.00029443,14.96,0,3.61e-06,7e-05
1529413323.233016,Trading not profitable,0,15.0,41.00029443,41.00029443,0,14.96,3.61e-06,7e-05
1529413382.507142,Trading not profitable,0,15.0,41.00029443,41.00029443,14.97,0,3.61e-06,7e-05
1529413441.996346,Trading not profitable,0,15.0,41.00029443,41.00029443,14.97,0,3.61e-06,7e-05
1529413502.298107,Trading not profitable,0,15.0,41.00029443,41.00029443,14.95,0,3.61e-06,7e-05
1529413562.644375,Trading not profitable,0,15.0,41.00029443,41.00029443,14.96,0,3.61e-06,7e-05
1529413621.911749,Trading not profitable,0,15.0,41.00029443,41.00029443,14.96,0,3.61e-06,7e-05
1529413682.25279,Trading not profitable,0,15.0,41.00029443,41.00029443,14.96,0,3.61e-06,7e-05
1529413742.874035,Trading not profitable,0,15.0,41.00029443,41.00029443,14.96,0,3.61e-06,7e-05
1529413802.891894,Trading not profitable,0,15.0,41.00029443,41.00029443,14.95,0,3.61e-06,7e-05
1529413861.855043,Trading not profitable,0,15.0,41.00029443,41.00029443,14.96,0,3.61e-06,7e-05
1529413922.682415,Trading not profitable,0,15.0,41.00029443,41.00029443,14.96,0,3.61e-06,7e-05
1529413982.319982,Trading not profitable,0,15.0,41.00029443,41.00029443,14.95,0,3.61e-06,7e-05
1529414042.69383,Trading not profitable,0,15.0,41.00029443,41.00029443,14.95,0,3.61e-06,7e-05
1529414101.942271,Trading not profitable,0,15.0,41.00029443,41.00029443,14.97,0,3.61e-06,7e-05
1529414162.252569,Trading not profitable,0,15.0,41.00029443,41.00029443,14.96,0,3.61e-06,7e-05
1529414222.525263,Trading not profitable,0,15.0,41.00029443,41.00029443,14.97,0,3.61e-06,7e-05
1529414282.778726,Trading not profitable,0,15.0,41.00029443,41.00029443,14.96,0,3.61e-06,7e-05
1529414342.079363,Trading not profitable,0,15.0,41.00029443,41.00029443,14.96,0,3.61e-06,7e-05
1529414402.244387,Trading not profitable,0,15.0,41.00029443,41.00029443,14.97,0,3.61e-06,7e-05
1529414461.96674,Trading not profitable,0,15.0,41.00029443,41.00029443,14.97,0,3.61e-06,7e-05
1529414522.418962,Trading not profitable,0,15.0,41.00029443,41.00029443,14.96,0,3.61e-06,7e-05
1529414582.132546,Trading not profitable,0,15.0,41.00029443,41.00029443,0,14.96,3.61e-06,7e-05
1529414642.762147,Trading not profitable,0,15.0,41.00029443,41.00029443,14.96,0,3.61e-06,7e-05
1529414702.048172,Trading not profitable,0,15.0,41.00029443,41.00029443,0,14.96,3.61e-06,7e-05
1529414762.625917,Trading not profitable,0,15.0,41.00029443,41.00029443,14.96,0,3.61e-06,7e-05
1529414821.899349,Trading not profitable,0,15.0,41.00029443,41.00029443,0,14.97,3.61e-06,7e-05
1529414883.548748,Trading not profitable,0,15.0,41.00029443,41.00029443,0,14.97,3.61e-06,7e-05
1529414943.159438,Trading not profitable,0,15.0,41.00029443,41.00029443,0,14.98,3.61e-06,7e-05
1529415002.211106,Trading not profitable,0,15.0,41.00029443,41.00029443,0,14.96,3.61e-06,7e-05
1529415062.884494,Trading not profitable,0,15.0,41.00029443,41.00029443,0,14.97,3.61e-06,7e-05
1529415122.888802,Trading not profitable,0,15.0,41.00029443,41.00029443,0,14.98,3.61e-06,7e-05
1529415182.183045,Trading not profitable,0,15.0,41.00029443,41.00029443,14.97,0,3.61e-06,7e-05
1529415242.741193,Trading not profitable,0,15.0,41.00029443,41.00029443,0,14.96,3.61e-06,7e-05
1529415302.006911,Trading not profitable,0,15.0,41.00029443,41.00029443,0,14.96,3.61e-06,7e-05
1529415362.679472,Trading not profitable,0,15.0,41.00029443,41.00029443,0,14.96,3.61e-06,7e-05
1529415421.904245,Trading not profitable,0,15.0,41.00029443,41.00029443,14.95,0,3.61e-06,7e-05
1529415482.15117,Trading not profitable,0,15.0,41.00029443,41.00029443,0,14.96,3.61e-06,7e-05
1529415542.381967,Trading not profitable,0,15.0,41.00029443,41.00029443,14.96,0,3.61e-06,7e-05
1529415602.978237,Trading not profitable,0,15.0,41.00029443,41.00029443,0,14.95,3.61e-06,7e-05
1529415661.98593,Trading not profitable,0,15.0,41.00029443,41.00029443,14.96,0,3.61e-06,7e-05
1529415723.08409,Trading not profitable,0,15.0,41.00029443,41.00029443,14.96,0,3.61e-06,7e-05
1529415782.436111,Trading not profitable,0,15.0,41.00029443,41.00029443,14.97,0,3.61e-06,7e-05
1529415842.719887,Trading not profitable,0,15.0,41.00029443,41.00029443,14.95,0,3.61e-06,7e-05
1529415902.29921,Trading not profitable,0,15.0,41.00029443,41.00029443,14.97,0,3.61e-06,7e-05
1529415962.54823,Trading not profitable,0,15.0,41.00029443,41.00029443,14.96,0,3.61e-06,7e-05
1529416022.198319,Trading not profitable,0,15.0,41.00029443,41.00029443,14.97,0,3.61e-06,7e-05
1529416083.128376,Trading not profitable,0,15.0,41.00029443,41.00029443,14.96,0,3.61e-06,7e-05
1529416142.384723,Trading not profitable,0,15.0,41.00029443,41.00029443,14.97,0,3.61e-06,7e-05
1529416202.423108,Trading not profitable,0,15.0,41.00029443,41.00029443,14.97,0,3.61e-06,7e-05
1529416263.290224,Trading not profitable,0,15.0,41.00029443,41.00029443,14.96,0,3.61e-06,7e-05
1529416322.368883,Trading not profitable,0,15.0,41.00029443,41.00029443,14.96,0,3.61e-06,7e-05
1529416382.475762,Trading not profitable,0,15.0,41.00029443,41.00029443,14.97,0,3.61e-06,7e-05
1529416442.784188,Trading not profitable,0,15.0,41.00029443,41.00029443,14.97,0,3.61e-06,7e-05
1529416502.494698,Trading not profitable,0,15.0,41.00029443,41.00029443,14.96,0,3.61e-06,7e-05
1529416562.707851,Trading not profitable,0,15.0,41.00029443,41.00029443,14.96,0,3.61e-06,7e-05
1529416621.9537,Trading not profitable,0,15.0,41.00029443,41.00029443,0,14.97,3.61e-06,7e-05
1529416682.568495,Trading not profitable,0,15.0,41.00029443,41.00029443,14.96,0,3.61e-06,7e-05
1529416743.192989,Trading not profitable,0,15.0,41.00029443,41.00029443,0,14.97,3.61e-06,7e-05
1529416802.779015,Trading not profitable,0,15.0,41.00029443,41.00029443,0,14.96,3.61e-06,7e-05
1529416862.029622,Trading not profitable,0,15.0,41.00029443,41.00029443,14.97,0,3.61e-06,7e-05
1529416922.280719,Trading not profitable,0,15.0,41.00029443,41.00029443,14.95,0,3.61e-06,7e-05
1529416982.854743,Trading not profitable,0,15.0,41.00029443,41.00029443,0,14.98,3.61e-06,7e-05
1529417042.446867,Trading not profitable,0,15.0,41.00029443,41.00029443,0,14.95,3.61e-06,7e-05
1529417102.719383,Trading not profitable,0,15.0,41.00029443,41.00029443,14.95,0,3.61e-06,7e-05
1529417161.940457,Trading not profitable,0,15.0,41.00029443,41.00029443,14.96,0,3.61e-06,7e-05
1529417222.646217,Trading not profitable,0,15.0,41.00029443,41.00029443,0,14.96,3.61e-06,7e-05
1529417281.9574,Trading not profitable,0,15.0,41.00029443,41.00029443,14.96,0,3.61e-06,7e-05
1529417342.266718,Trading not profitable,0,15.0,41.00029443,41.00029443,0,14.97,3.61e-06,7e-05
1529417402.341396,Trading not profitable,0,15.0,41.00029443,41.00029443,0,14.97,3.61e-06,7e-05
1529417462.615863,Trading not profitable,0,15.0,41.00029443,41.00029443,14.96,0,3.61e-06,7e-05
1529417521.957062,Trading not profitable,0,15.0,41.00029443,41.00029443,0,14.96,3.61e-06,7e-05
1529417582.103774,Trading not profitable,0,15.0,41.00029443,41.00029443,14.96,0,3.61e-06,7e-05
1529417642.755983,Trading not profitable,0,15.0,41.00029443,41.00029443,0,14.96,3.61e-06,7e-05
1529417702.398947,Trading not profitable,0,15.0,41.00029443,41.00029443,14.96,0,3.61e-06,7e-05
1529417762.625928,Trading not profitable,0,15.0,41.00029443,41.00029443,14.95,0,3.61e-06,7e-05
1529417821.861036,Trading not profitable,0,15.0,41.00029443,41.00029443,0,14.95,3.61e-06,7e-05
1529417882.140321,Trading not profitable,0,15.0,41.00029443,41.00029443,0,14.96,3.61e-06,7e-05
1529417942.742999,Trading not profitable,0,15.0,41.00029443,41.00029443,14.96,0,3.61e-06,7e-05
1529418002.01906,Trading not profitable,0,15.0,41.00029443,41.00029443,0,14.96,3.61e-06,7e-05
1529418062.347294,Trading not profitable,0,15.0,41.00029443,41.00029443,0,14.95,3.61e-06,7e-05
1529418122.414526,Trading not profitable,0,15.0,41.00029443,41.00029443,14.95,0,3.61e-06,7e-05
1529418182.690965,Trading not profitable,0,15.0,41.00029443,41.00029443,0,14.97,3.61e-06,7e-05
1529418242.342757,Trading not profitable,0,15.0,41.00029443,41.00029443,0,14.97,3.61e-06,7e-05
1529418301.985043,Trading not profitable,0,15.0,41.00029443,41.00029443,14.96,0,3.61e-06,7e-05
1529418362.291468,Trading not profitable,0,15.0,41.00029443,41.00029443,14.97,0,3.61e-06,7e-05
1529418422.416796,Trading not profitable,0,15.0,41.00029443,41.00029443,0,14.97,3.61e-06,7e-05
1529418482.489431,Trading not profitable,0,15.0,41.00029443,41.00029443,0,14.96,3.61e-06,7e-05
1529418542.807891,Trading not profitable,0,15.0,41.00029443,41.00029443,14.96,0,3.61e-06,7e-05
1529418602.155668,Trading not profitable,0,15.0,41.00029443,41.00029443,0,14.96,3.61e-06,7e-05
1529418662.428908,Trading not profitable,0,15.0,41.00029443,41.00029443,0,14.97,3.61e-06,7e-05
1529418722.716196,Trading not profitable,0,15.0,41.00029443,41.00029443,0,14.97,3.61e-06,7e-05
1529418782.761305,Trading not profitable,0,15.0,41.00029443,41.00029443,0,14.96,3.61e-06,7e-05
1529418842.756488,Trading not profitable,0,15.0,41.00029443,41.00029443,0,14.96,3.61e-06,7e-05
1529418902.007071,Trading not profitable,0,15.0,41.00029443,41.00029443,0,14.97,3.61e-06,7e-05
1529418962.652563,Trading not profitable,0,15.0,41.00029443,41.00029443,14.96,0,3.61e-06,7e-05
1529419022.034105,Trading not profitable,0,15.0,41.00029443,41.00029443,14.95,0,3.61e-06,7e-05
1529419082.685212,Trading not profitable,0,15.0,41.00029443,41.00029443,0,14.95,3.61e-06,7e-05
1529419142.645026,Trading not profitable,0,15.0,41.00029443,41.00029443,0,14.96,3.61e-06,7e-05
1529419202.276026,Trading not profitable,0,15.0,41.00029443,41.00029443,14.97,0,3.61e-06,7e-05
1529419261.907378,Trading not profitable,0,15.0,41.00029443,41.00029443,14.97,0,3.61e-06,7e-05
1529419322.207885,Trading not profitable,0,15.0,41.00029443,41.00029443,14.96,0,3.61e-06,7e-05
1529419382.523345,Trading not profitable,0,15.0,41.00029443,41.00029443,0,14.95,3.61e-06,7e-05
1529419442.103599,Trading not profitable,0,15.0,41.00029443,41.00029443,14.96,0,3.61e-06,7e-05
1529419502.726284,Trading not profitable,0,15.0,41.00029443,41.00029443,14.96,0,3.61e-06,7e-05
1529419562.002346,Trading not profitable,0,15.0,41.00029443,41.00029443,0,14.97,3.61e-06,7e-05
1529419622.300638,Trading not profitable,0,15.0,41.00029443,41.00029443,0,14.96,3.61e-06,7e-05
1529419681.942713,Trading not profitable,0,15.0,41.00029443,41.00029443,14.95,0,3.61e-06,7e-05
1529419742.559273,Trading not profitable,0,15.0,41.00029443,41.00029443,0,14.96,3.61e-06,7e-05
1529419802.549468,Trading not profitable,0,15.0,41.00029443,41.00029443,0,14.96,3.61e-06,7e-05
1529419862.82951,Trading not profitable,0,15.0,41.00029443,41.00029443,14.95,0,3.61e-06,7e-05
1529419922.435682,Trading not profitable,0,15.0,41.00029443,41.00029443,14.95,0,3.61e-06,7e-05
1529419982.949358,Trading not profitable,0,15.0,41.00029443,41.00029443,14.95,0,3.61e-06,7e-05
1529420042.188764,Trading not profitable,0,15.0,41.00029443,41.00029443,14.96,0,3.61e-06,7e-05
