998.79,-1.2100000000000364,0.0012100000000000444,7628.515714323399,593.9480302762863,-7.544431678069486,0.3080302762863312
99.07,-0.9300000000000068,0.009300000000000086,7626.369752305478,594.12497389,-6.960247694521968,0.11466025267861824
99.36,-0.6400000000000006,0.006399999999999961,7654.968424992155,595.7009688862446,-5.031575007845277,0.06022076917997765
99.43,-0.5699999999999932,0.005699999999999927,7658.832258574733,595.8918071500001,-0.9377414252676317,-0.3481928499999185
99.43,-0.5699999999999932,0.005699999999999927,7658.0360124322515,596.0037835354613,-3.1539875677481177,-0.26621646453872927
99.41,-0.5900000000000034,0.005900000000000016,7655.410372021834,596.16992556,-9.609627978166827,0.14264022549616584
99.38,-0.6200000000000045,0.006200000000000094,7651.657159370242,595.977914,-7.742840629757666,0.21525131475948456
99.4,-0.5999999999999943,0.005999999999999894,7652.3101822712615,595.74591552,-4.009817728738199,0.005915520000030483
99.39,-0.6099999999999994,0.006099999999999994,7651.7038596851635,595.7236266,-3.936140314836848,-0.2063733999999613
99.44,-0.5600000000000023,0.005600000000000049,7654.385987441091,595.95354868,-4.5040125589093805,-0.11645132000001013
99.46,-0.5400000000000063,0.005400000000000071,7655.118393343263,596.2158837618122,-4.8788284953971015,0.06588376181218791
99.45,-0.5499999999999972,0.005499999999999949,7656.411279088343,596.2521887300001,-3.6587209116569284,0.0021887300000571486
99.43,-0.5699999999999932,0.005699999999999927,7656.9521119527535,596.2354354,-3.197888047246124,-0.16456459999994877
99.43,-0.5699999999999932,0.005699999999999927,7655.113036690372,595.8086169000001,-0.5369633096279358,-0.37158639744609445
99.44,-0.5600000000000023,0.005600000000000049,7650.162389761102,595.50737844,0.15238976110140356,-0.4326215600000296
99.35,-0.6500000000000057,0.006500000000000061,7651.523715985313,595.3489176511483,3.549335799963046,-0.6510823488516735
99.34,-0.6599999999999966,0.006599999999999939,7645.701368592966,595.05863814,1.1613685929660278,-0.5413618600000518
99.34,-0.6599999999999966,0.006599999999999939,7645.186136071887,595.1686625757673,0.10613607188679453,-0.39133742423268814
99.33,-0.6700000000000017,0.006700000000000039,7647.209848650176,595.47897954,-2.7301513498232453,-0.23102046000008158
99.33,-0.6700000000000017,0.006700000000000039,7646.367773447162,595.2142303010692,1.1057406541249293,-0.4357696989308124
99.32,-0.6800000000000068,0.006800000000000028,7646.6208844105,595.3990889293033,1.1448850101296557,-0.31091107069676127
99.32,-0.6800000000000068,0.006800000000000028,7644.937764660593,595.1992127999999,0.45776466059305676,-0.5707872000000407
99.35,-0.6500000000000057,0.006500000000000061,7649.981917460075,595.5784287600001,0.04191746007563779,-0.43157123999992564
99.35,-0.6500000000000057,0.006500000000000061,7648.311881632811,595.5579114639576,0.3054162739790627,-0.4520885360424245
99.35,-0.6500000000000057,0.006500000000000061,7648.538356902703,595.5580103899999,-0.4516430972971648,-0.461989610000046
99.28,-0.7199999999999989,0.007199999999999984,7644.476956839795,595.1743665,-0.2730431602049066,-0.4756334999999581
99.33,-0.6700000000000017,0.006700000000000039,7644.688550676284,595.68968316,-3.831449323716697,-0.030316840000068623
99.33,-0.6700000000000017,0.006700000000000039,7644.55280379828,595.415535,-0.4471962017196347,-0.324465000000032
99.4,-0.5999999999999943,0.005999999999999894,7647.9193132386345,595.99723455,-3.370686761365505,-0.012765449999960765
99.45,-0.5499999999999972,0.005499999999999949,7649.715774210519,596.3371120403768,-5.874225789480988,0.18711204037686002
99.46,-0.5400000000000063,0.005400000000000071,7650.1603592046185,596.34058902,-4.849640795381674,0.010589019999997618
99.44,-0.5600000000000023,0.005600000000000049,7654.906991661322,596.3635540500001,-0.10300833867859183,-0.3364459499999839
99.46,-0.5400000000000063,0.005400000000000071,7649.201564804719,596.5361506378051,-8.120442279529925,0.16615063780511719
99.46,-0.5400000000000063,0.005400000000000071,7649.020796422228,596.42692606,-6.999203577772278,-0.013073940000026596
99.49,-0.5100000000000051,0.0051000000000001044,7654.558514186034,596.549213,-2.44148581396621,-0.23078699999996388
99.48,-0.519999999999996,0.005199999999999982,7649.080509887404,596.510928,-7.919490112595668,0.050927999999998974
99.49,-0.5100000000000051,0.0051000000000001044,7650.809302304264,596.5655064766489,-6.89069769573598,0.08550647664890221
99.49,-0.5100000000000051,0.0051000000000001044,7648.74083192286,596.67852405,-9.329168077139911,0.1685240499999736
99.49,-0.5100000000000051,0.0051000000000001044,7654.406484046373,596.6734520780398,-3.008745199141231,-0.18654792196025483
99.49,-0.5100000000000051,0.0051000000000001044,7651.2373381202715,596.9668395140168,-9.71266187972833,0.24683951401675586
99.49,-0.5100000000000051,0.0051000000000001044,7653.8383184537115,596.929798,-7.1616815462884915,0.06979799999999159
99.49,-0.5100000000000051,0.0051000000000001044,7650.107610760776,596.9549022948437,-10.902389239224249,0.41490229484372776
99.56,-0.4399999999999977,0.0043999999999999595,7654.674999720215,597.192916,-8.325000279784945,0.20291599999995924
99.62,-0.37999999999999545,0.0037999999999999146,7653.5780448771475,596.9205557941573,-5.421955122852523,-0.050878128215344987
99.6,-0.4000000000000057,0.0040000000000000036,7660.2239351537155,597.2621194660558,-1.7860648462847166,0.0021194660557739553
99.58,-0.4200000000000017,0.0041999999999999815,7658.989432653657,596.9415059422682,-3.0305673463435596,-0.2911720371986348
99.66,-0.3400000000000034,0.0034000000000000696,7661.42736469637,597.1404542668142,-1.8026353036293585,-0.29954573318582334
99.51,-0.4899999999999949,0.004899999999999904,7663.8030516732915,597.3521284,1.5130516732915567,-0.3478716000000759
99.64,-0.35999999999999943,0.0036000000000000476,7665.893394655297,598.26481755,0.8433946552968337,-0.12518245000001116
100.24,0.23999999999999488,-0.0023999999999999577,7699.657564992113,600.9350261162808,-9.67836127096598,0.585026116280801
100.36,0.35999999999999943,-0.0036000000000000476,7720.783468657405,601.8323540700001,-4.226531342595081,-0.08764592999989418
100.91,0.9099999999999966,-0.009099999999999886,7767.131321955476,603.5075559906808,0.2811875889674411,-0.7056856065571537
100.59,0.5900000000000034,-0.005900000000000016,7745.6461461691515,602.97167987,2.0361461691518343,-0.4683744396000975
100.68,0.6800000000000068,-0.006800000000000139,7740.602950609365,603.76375,-9.397049390635402,0.3837499999999636
100.47,0.46999999999999886,-0.0046999999999999265,7736.529136347951,602.8124402,0.32913634795113467,-0.4047365610497309
100.48,0.480000000000004,-0.0048000000000001375,7725.768806586473,602.327474,-6.291193413527253,-0.11252600000000257
100.45,0.45000000000000284,-0.0044999999999999485,7735.3185429382465,602.54335428,4.258542938246137,-0.6566457200000286
100.5,0.5,-0.004999999999999893,7738.1684081130925,603.8820384100001,0.1584081130922641,-0.43796158999998624
100.52,0.519999999999996,-0.005199999999999871,7739.3130113047155,604.137296,0.31301130471547367,-0.3727039999999988
100.71,0.7099999999999937,-0.007099999999999884,7725.577266040893,603.3018509499999,-5.592733959107136,-0.0943729716202597
100.55,0.5499999999999972,-0.00550000000000006,7719.711618496371,602.5042196974944,-2.2883815036293527,-0.33578030250566826
100.63,0.6299999999999955,-0.006299999999999972,7721.97466036402,602.665875,-3.0253396359803446,-0.1964087092793534
100.61,0.6099999999999994,-0.006099999999999994,7725.333982298617,602.8683420000001,-1.7660177013831344,-0.2716579999998885
100.44,0.4399999999999977,-0.0043999999999999595,7730.399251962956,603.1329223519745,0.0892519629560411,-0.38707764802552447
100.64,0.6400000000000006,-0.006399999999999961,7732.262485749785,603.409251527645,-4.237514250215099,-0.2407484723549942
100.44,0.4399999999999977,-0.0043999999999999595,7730.208125003597,603.01749807,3.0781250035970515,-0.5030408734058938
100.36,0.35999999999999943,-0.0036000000000000476,7728.434140150763,603.0444,3.434140150762687,-0.705600000000004
100.39,0.39000000000000057,-0.0039000000000000146,7730.013211154768,603.38928548,1.7832111547686509,-0.6107568000001038
100.33,0.3299999999999983,-0.0033000000000000806,7728.9827255278315,603.5232622999999,4.082725527831826,-0.4967377000000397
100.23,0.23000000000000398,-0.0022999999999999687,7731.373390371436,604.1723107800001,-0.6466096285648746,-0.3676892199998747
100.23,0.23000000000000398,-0.0022999999999999687,7734.255728987925,604.63026168,-0.7542710120751508,-0.14213079248179383
100.23,0.23000000000000398,-0.0022999999999999687,7730.9699201964395,604.6450319,-4.130079803560875,0.14503190000004906
100.34,0.3400000000000034,-0.0034000000000000696,7737.9582022356935,604.9197,-2.041797764306466,-0.08029999999996562
100.51,0.5100000000000051,-0.0051000000000001044,7743.620001389325,604.4352846400001,11.500001389325007,-1.0693377486368263
100.45,0.45000000000000284,-0.0044999999999999485,7735.401204857641,604.6759975352825,0.41120485764076875,-0.41802631350162756
100.51,0.5100000000000051,-0.0051000000000001044,7739.07083442679,604.7275664800001,3.31083442678937,-0.41270946387646745
100.23,0.23000000000000398,-0.0022999999999999687,7729.119292777025,604.8666280000001,-2.8807072229747064,-0.1533719999998766
100.23,0.23000000000000398,-0.0022999999999999687,7729.218033394228,604.65458768,-0.8619666057720679,-0.36541232000001855
100.43,0.4300000000000068,-0.0042999999999999705,7729.839533932952,604.5734759193465,0.839533932951781,-0.45652408065348027
100.42,0.4200000000000017,-0.0041999999999999815,7731.095912551248,604.73380356,3.0659125512484025,-0.3861964400000488
100.39,0.39000000000000057,-0.0039000000000000146,7728.702042575334,604.73380356,0.6720425753346717,-0.546196440000017
100.39,0.39000000000000057,-0.0039000000000000146,7727.659951363819,604.77244371,-0.3700486361803996,-0.4575562900000705
100.34,0.3400000000000034,-0.0034000000000000696,7727.48745579204,605.226048,-0.5125442079597633,-0.013952000000017506
100.32,0.3199999999999932,-0.0031999999999998696,7725.437212766246,604.6966643100001,0.547212766246048,-0.5333356899999444
100.39,0.39000000000000057,-0.0039000000000000146,7728.607918263091,604.7449921100001,3.2979182630906507,-0.40500788999986526
100.25,0.25,-0.0024999999999999467,7722.973511746543,604.8453619999999,-3.0264882534565913,-0.2646380000001045
100.34,0.3400000000000034,-0.0034000000000000696,7725.688904772236,604.6343203317207,2.8778853613039246,-0.6656796682792674
100.32,0.3199999999999932,-0.0031999999999998696,7725.026309232896,604.7079434991609,2.096309232895692,-0.6320565008390986
100.34,0.3400000000000034,-0.0034000000000000696,7721.913444240027,604.84170186,-2.066555759972289,-0.3478205054236696
100.37,0.37000000000000455,-0.0037000000000000366,7720.315052898188,604.9592214866616,-3.684947101812213,-0.2107785133383686
100.36,0.35999999999999943,-0.0036000000000000476,7725.242470648291,604.8829499999999,0.24247064829069132,-0.4670500000000857
100.33,0.3299999999999983,-0.0033000000000000806,7725.138756584226,605.0694159999999,-0.8612434157739699,-0.3305840000000444
100.38,0.37999999999999545,-0.0038000000000000256,7724.088652979981,605.17864,-2.911347020019093,-0.1813600000000406
100.35,0.3499999999999943,-0.0034999999999998366,7730.087987025426,604.9067306925041,5.08025198291125,-0.41326930749596613
100.36,0.35999999999999943,-0.0036000000000000476,7726.872359166166,604.875225,1.8723591661655519,-0.42477499999995416
100.3,0.29999999999999716,-0.0029999999999998916,7721.9471104758,604.804798830855,-3.0528895241995997,-0.22520116914495247
100.36,0.35999999999999943,-0.0036000000000000476,7727.969914917347,605.17093728,-2.0900850826537862,-0.09906272000000627
100.38,0.37999999999999545,-0.0038000000000000256,7734.242342997944,605.35178292,-0.5976570020557119,-0.4482170799999494
100.43,0.4300000000000068,-0.0042999999999999705,7732.070607155164,605.945214,-3.729392844836184,0.14521400000000995
100.39,0.39000000000000057,-0.0039000000000000146,7730.799516266502,605.70298304,-4.080483733498113,-0.2470169599999963
100.44,0.4399999999999977,-0.0043999999999999595,7731.355045154049,605.93542935,1.3050451540484573,-0.16457064999997328
100.47,0.46999999999999886,-0.0046999999999999265,7731.865384124717,605.69310338,-2.394615875283307,-0.376896620000025
100.51,0.5100000000000051,-0.0051000000000001044,7732.658240763177,606.01382157,-1.3517592368234546,-0.2961784299999408
100.47,0.46999999999999886,-0.0046999999999999265,7734.872154562265,605.7673995646828,2.822890860907137,-0.7626004353171538
100.5,0.5,-0.004999999999999893,7735.3942686612845,606.08277573,0.5042686612841862,-0.45722426999998333
100.55,0.5499999999999972,-0.00550000000000006,7733.421733753235,606.29999988,-2.858266246765197,-0.2400001199999906
100.43,0.4300000000000068,-0.0042999999999999705,7733.415229534447,605.95324112,3.3352295344466256,-0.6867831456000886
100.42,0.4200000000000017,-0.0041999999999999815,7730.25722633518,606.24619989,0.18722633518063958,-0.3238001100000929
100.45,0.45000000000000284,-0.0044999999999999485,7731.369372993365,606.0224471592038,0.8075709607310273,-0.5575528407962338
100.55,0.5499999999999972,-0.00550000000000006,7730.811871599149,606.4858800000001,-4.188128400851383,-0.17411999999990257
100.56,0.5600000000000023,-0.005600000000000049,7731.107429590927,606.6581699999999,-5.892570409073414,-0.0018300000000408545
100.53,0.5300000000000011,-0.005300000000000082,7730.13951710518,606.67152,-4.860482894820052,-0.02848000000005868
100.4,0.4000000000000057,-0.0040000000000000036,7729.832339601488,606.3056874,-0.20766039851241658,-0.4243126000000075
100.57,0.5699999999999932,-0.005700000000000038,7729.8586298264245,606.3930363377247,-1.1964512297818146,-0.336963662275366
100.4,0.4000000000000057,-0.0040000000000000036,7727.961350564991,606.18949944,1.4713505649915533,-0.47050056000000495
100.4,0.4000000000000057,-0.0040000000000000036,7731.23264640701,606.14544431,5.402646407010252,-0.8645556899999747
100.5,0.5,-0.004999999999999893,7724.557000726124,606.1309610000001,-0.7929992738763758,-0.23903899999993428
100.47,0.46999999999999886,-0.0046999999999999265,7724.534117976741,606.39010997,-0.4758820232591461,-0.03989002999992408
100.39,0.39000000000000057,-0.0039000000000000146,7723.138074247714,605.9614378507428,0.04713925143914821,-0.2585621492572727
100.38,0.37999999999999545,-0.0038000000000000256,7730.022787180613,606.78356406,0.4927871806130497,-0.14643593999994664
100.53,0.5300000000000011,-0.005300000000000082,7722.370079843115,606.2911032100658,-0.6899325137819687,-0.1388967899341651
100.5,0.5,-0.004999999999999893,7721.491591021935,606.30366288,-1.7284089780650902,-0.19633711999995285
100.29,0.29000000000000625,-0.0029000000000001247,7721.040369705535,606.0524500800001,1.020369705534904,-0.4275499199999331
100.26,0.2600000000000051,-0.0026000000000001577,7719.278151089391,605.9927692800001,1.1981510893911036,-0.5572307199998932
100.26,0.2600000000000051,-0.0026000000000001577,7718.88521252227,605.756369062801,2.97521252227034,-0.793630937198941
100.5,0.5,-0.004999999999999893,7718.983443413635,606.14194968,-0.9965565863649317,-0.4080503199999157
99.95,-0.04999999999999716,0.0004999999999999449,7717.976455615654,606.43766554,-2.033544384345987,-0.0023344600000427818
100.56,0.5600000000000023,-0.005600000000000049,7719.903283278188,606.86575888,-6.736716721812627,0.23575888000004852
100.31,0.3100000000000023,-0.0031000000000001027,7718.256926965123,606.1868832,0.4569269651228751,-0.3831168000000389
100.3,0.29999999999999716,-0.0029999999999998916,7714.100263449276,605.9983425905999,0.37026267790315615,-0.12165740940008618
100.35,0.3499999999999943,-0.0034999999999998366,7723.137604173294,606.40108558,4.477604173293912,-0.5989144200000283
100.37,0.37000000000000455,-0.0037000000000000366,7725.288486103778,606.5935905499999,0.6384861037786322,-0.5364094500000647
100.34,0.3400000000000034,-0.0034000000000000696,7725.20172067096,606.5410884,0.5317206709596576,-0.4589115999999649
100.34,0.3400000000000034,-0.0034000000000000696,7725.398360739195,606.622030350388,0.7283607391946134,-0.37796964961205504
100.56,0.5600000000000023,-0.005600000000000049,7720.950356956517,606.5357193,-3.7496430434830472,-0.18428070000004482
100.59,0.5900000000000034,-0.005900000000000016,7721.81095166158,606.5650485498476,-2.8690599254405242,-0.28495145015244816
100.32,0.3199999999999932,-0.0031999999999998696,7722.98019650766,606.339162,0.9801965076603665,-0.4708379999999579
100.59,0.5900000000000034,-0.005900000000000016,7718.851214174341,606.14390949,-0.8587858256587424,-0.5577959441031908
100.59,0.5900000000000034,-0.005900000000000016,7721.344593526532,606.3931876818328,-1.3254064734683197,-0.49681231816714444
100.6,0.5999999999999943,-0.006000000000000005,7723.112074886986,606.5653904000517,-1.2479251130134799,-0.3246095999483032
100.39,0.39000000000000057,-0.0039000000000000146,7726.442151059204,606.408248854381,2.086702375268942,-0.48832922701740245
100.36,0.35999999999999943,-0.0036000000000000476,7724.37862186425,606.7788515999999,-0.17137813575027394,-0.37114840000003824
100.39,0.39000000000000057,-0.0039000000000000146,7727.093483266127,606.9831004800001,0.5334832661264954,-0.4668995199999699
100.4,0.4000000000000057,-0.0040000000000000036,7726.399857566162,606.9263579798037,1.0298575661618088,-0.6236420201962574
100.38,0.37999999999999545,-0.0038000000000000256,7726.027246418514,607.09598534,-0.00275358148610394,-0.49401466000006167
100.11,0.10999999999999943,-0.001100000000000101,7726.220752797559,607.39995165,-0.6292472024415474,-0.19004834999998366
100.14,0.14000000000000057,-0.0014000000000000679,7715.631626395114,607.59458526,-8.38837360488651,-0.06541473999993741
100.42,0.4200000000000017,-0.0041999999999999815,7735.350547285284,608.8630856,7.190547285284083,-0.8369144000000688
100.61,0.6099999999999994,-0.006099999999999994,7727.995968064372,609.55458505,-4.034031935627354,-0.4754149499999585
100.42,0.4200000000000017,-0.0041999999999999815,7730.302339136824,609.7494992000001,0.21233913682408456,-0.3105007999998861
100.53,0.5300000000000011,-0.005300000000000082,7729.828624285788,610.1301304,-5.871375714212263,0.19381611334029003
100.61,0.6099999999999994,-0.006099999999999994,7734.269100675222,610.14597978,-2.710899324777529,-0.374020220000034
100.68,0.6800000000000068,-0.006800000000000139,7734.621276380256,610.7349098139339,-2.3839538317743063,-0.21509018606616337
100.5,0.5,-0.004999999999999893,7739.757207890743,611.5041086,2.1372078907434116,-0.5558913999999504
100.51,0.5100000000000051,-0.0051000000000001044,7741.197862753665,611.7358299,2.8978627536644126,-0.6641700999999784
100.55,0.5499999999999972,-0.00550000000000006,7741.1278439770695,612.81397802,0.5478439770695331,-0.398040054855187
100.61,0.6099999999999994,-0.006099999999999994,7749.171441894062,614.0223474449066,4.480304513960618,-0.9776525550934139
100.62,0.6200000000000045,-0.006199999999999983,7750.943396226416,615.53563188,6.603396226415498,-0.6643681200000628
100.66,0.6599999999999966,-0.006599999999999939,7747.32377044037,616.5292957,2.9537704403701355,-0.8007043000000067
100.71,0.7099999999999937,-0.007099999999999884,7755.667765111967,618.55271476,0.6877651119675647,-0.3573285637000936
100.75,0.75,-0.007500000000000062,7759.993997974317,619.8074057,7.943997974316517,-0.7825943000000279
100.65,0.6500000000000057,-0.00649999999999995,7746.655152129564,618.34531,1.6551521295641578,-0.6046900000000051
100.74,0.7399999999999949,-0.007399999999999851,7756.471955899448,619.9772309752725,1.4719558994484032,-0.5327690247274859
100.84,0.8400000000000034,-0.008399999999999963,7764.347054338179,620.99643656,0.7270543381791867,-0.1435634399999799
100.74,0.7399999999999949,-0.007399999999999851,7757.928192366311,620.62555588,3.5981923663111957,-0.7844441199999892
100.8,0.7999999999999972,-0.008000000000000007,7768.1958865814695,621.71821332,9.03588658146964,-0.7317866800000274
100.84,0.8400000000000034,-0.008399999999999963,7763.4612269311765,622.680564,-0.5387730688235024,-0.32943599999998696
100.89,0.8900000000000006,-0.008899999999999908,7767.046417249062,623.552787,1.7564172490619967,-0.487212999999997
100.96,0.9599999999999937,-0.009599999999999831,7763.269796875438,623.67326026,-2.9402031245617763,-0.3267397399999936
100.94,0.9399999999999977,-0.009400000000000075,7768.635583128404,624.1669024330841,1.5014065096365812,-0.35371209460822683
100.95,0.9500000000000028,-0.009500000000000064,7772.756056072213,625.60535136,-0.2839439277868223,-0.4046486400000049
100.99,0.9899999999999949,-0.00990000000000002,7775.712054733398,626.57456309,2.7020547333977447,-0.785436910000044
100.9,0.9000000000000057,-0.009000000000000119,7760.765431793145,627.47784675,-12.264568206855074,0.4778467500000261
100.47,0.46999999999999886,-0.0046999999999999265,7747.121307899205,625.1014406,-5.978692100795342,0.07144060000007357
100.71,0.7099999999999937,-0.007099999999999884,7753.687114048929,623.82830546,1.6671140489288518,-0.21169453999993948
100.83,0.8299999999999983,-0.008299999999999974,7747.389358528097,623.279176,-5.610641471903364,0.07917599999996128
100.8,0.7999999999999972,-0.008000000000000007,7745.9903021260725,622.6629004109153,-5.019697873927726,-0.347099589084678
100.65,0.6500000000000057,-0.00649999999999995,7736.968445666098,622.51759416,-10.991554333902059,0.4575941600000988
100.4,0.4000000000000057,-0.0040000000000000036,7732.874749211808,620.32775,-9.125250788191806,-0.21224999999992633
100.66,0.6599999999999966,-0.006599999999999939,7749.8596502504,621.7184199999999,-2.240349749600682,-0.38158000000009906
100.71,0.7099999999999937,-0.007099999999999884,7746.577047547922,622.18630282,-3.432952452078098,-0.17369717999997647
100.72,0.7199999999999989,-0.007200000000000095,7743.941881872916,622.2157345099184,-2.2281181270836896,-0.3042654900815478
100.75,0.75,-0.007500000000000062,7754.566919348826,623.56548055,0.41691934882601345,-0.4445194500000298
100.79,0.7900000000000063,-0.007900000000000018,7758.481572054569,624.347132427,3.0115720545691147,-0.6528675729999804
100.79,0.7900000000000063,-0.007900000000000018,7758.86243222116,624.6099845446506,3.882432221160343,-0.7000154553493303
100.56,0.5600000000000023,-0.005600000000000049,7758.965008248676,625.2664445582118,-3.0149917513235778,-0.253555441788194
100.81,0.8100000000000023,-0.008099999999999996,7762.314094692318,625.32597785,0.36409469231784897,-0.46402215000000524
100.82,0.8199999999999932,-0.008199999999999985,7762.328617936523,625.4587368,0.368617936523151,-0.541263200000003
100.84,0.8400000000000034,-0.008399999999999963,7764.772243394144,625.5720598700001,1.5022433941439886,-0.47794012999986535
100.65,0.6500000000000057,-0.00649999999999995,7744.857055246385,622.95792048,2.7870552463855347,-0.6678566472496641
100.65,0.6500000000000057,-0.00649999999999995,7730.489164247207,622.6892641616814,-11.320863623309378,0.38926416168146716
100.56,0.5600000000000023,-0.005600000000000049,7733.582085674403,621.75356142,-3.327914325596794,-0.18643858000007185
100.6,0.5999999999999943,-0.006000000000000005,7742.516905330151,622.0384982,3.216905330150439,-0.8315017999999554
100.58,0.5799999999999983,-0.005800000000000027,7741.657582169127,621.94395606,3.437582169126472,-0.8160439399999859
100.52,0.519999999999996,-0.005199999999999871,7736.001692615963,621.59246309,-4.008307384036925,0.012463089999982913
100.59,0.5900000000000034,-0.005900000000000016,7740.023062400015,621.147276,-1.5769375999852855,-0.44272399999999834
100.45,0.45000000000000284,-0.0044999999999999485,7734.74424656313,621.65358372,-7.665753436869636,0.373583720000056
100.55,0.5499999999999972,-0.00550000000000006,7736.4844962970465,621.1918145423732,-8.025503702953756,-0.12525535524264342
100.47,0.46999999999999886,-0.0046999999999999265,7739.376276590444,621.39733032,-5.243723409555969,-0.01266967999993085
100.55,0.5499999999999972,-0.00550000000000006,7737.900417620636,621.3960890759982,-6.729868930676275,0.07608907599819759
100.56,0.5600000000000023,-0.005600000000000049,7737.244453298141,621.4986581547878,-7.5555467018593845,0.05865815478773584
100.59,0.5900000000000034,-0.005900000000000016,7746.873598724529,621.5912711752294,1.8635538034695855,-0.35872882477065104
100.56,0.5600000000000023,-0.005600000000000049,7739.236879749973,621.4475461181966,-5.815914664101001,-0.012453881803480726
100.24,0.23999999999999488,-0.0023999999999999577,7732.839006853163,619.5104004,-7.170993146837645,0.04040039999995315
100.35,0.3499999999999943,-0.0034999999999998366,7736.5324359389015,619.64061084,-0.9475640610980918,-0.23357752473259552
100.6,0.5999999999999943,-0.006000000000000005,7745.557179074095,620.063375723203,0.5471790740948563,-0.1466242767970698
100.24,0.23999999999999488,-0.0023999999999999577,7737.550802663607,619.8418657899999,-8.43919733639268,0.16186578999997892
100.24,0.23999999999999488,-0.0023999999999999577,7738.891746951254,619.99678559,-7.098253048745391,0.11678558999994948
100.6,0.5999999999999943,-0.006000000000000005,7742.6004822648965,619.5160451741186,0.44048226489667286,-0.19395482588140567
100.22,0.21999999999999886,-0.0021999999999999797,7734.7769618862085,619.6752,-11.163038113791117,0.30520000000001346
100.22,0.21999999999999886,-0.0021999999999999797,7734.934944934196,619.772952,-11.06505506580379,0.3129519999999957
100.22,0.21999999999999886,-0.0021999999999999797,7735.673902408867,619.4534699614194,-6.526097591132384,-0.027031817385136492
100.2,0.20000000000000284,-0.0020000000000000018,7733.431572111843,619.5182301,-9.578427888157421,0.24823010000000068
100.2,0.20000000000000284,-0.0020000000000000018,7734.353855452029,619.5914894,-10.346144547970653,0.27083877853419835
100.17,0.1700000000000017,-0.0017000000000000348,7735.111088896108,619.376,-7.088911103891405,0.36599999999998545
100.16,0.1599999999999966,-0.0016000000000000458,7728.337953279966,619.0634762000001,-9.76204672003405,0.348196336312526
100.5,0.5,-0.004999999999999893,7734.903313708578,618.49356612,0.5433137085783528,-0.30643387999998595
100.73,0.730000000000004,-0.007300000000000084,7733.349993752342,618.7260798,-2.6600062476582025,-0.17392019999999775
100.11,0.10999999999999943,-0.001100000000000101,7733.493472070718,618.8016,-1.5265279292825653,-0.032547635098808314
100.11,0.10999999999999943,-0.001100000000000101,7731.833801936895,618.87254661,-3.396198063104748,0.13254660999996304
100.11,0.10999999999999943,-0.001100000000000101,7729.86675657788,618.9563961595476,-5.153243422120795,-0.04360384045241972
100.16,0.1599999999999966,-0.0016000000000000458,7726.27454894817,619.2776667,-8.025451051829805,0.047666700000036144
100.46,0.45999999999999375,-0.0045999999999999375,7735.413704507471,619.6762219999999,2.413704507471266,-0.5337780000000976
100.57,0.5699999999999932,-0.005700000000000038,7737.755927562388,621.07108085,-0.19407243761179416,-0.6189191500000106
100.68,0.6800000000000068,-0.006800000000000139,7741.002257198061,621.767762,-0.9977428019392391,-0.3622380000000476
100.57,0.5699999999999932,-0.005700000000000038,7745.244311823947,622.4576040000001,3.234311823946882,-0.4923959999999852
100.56,0.5600000000000023,-0.005600000000000049,7741.306265452422,622.69297659,0.316265452422158,-0.397023410000088
100.57,0.5699999999999932,-0.005700000000000038,7745.412501864837,622.1190780000001,2.4125018648373953,-0.8909219999999323
100.81,0.8100000000000023,-0.008099999999999996,7743.575685377969,622.7976279200001,-3.434314622030797,-0.3123720799999319
100.68,0.6800000000000068,-0.006800000000000139,7751.010006836968,623.069,1.0100068369683868,-0.46100000000001273
100.88,0.8799999999999955,-0.008799999999999919,7748.262874616216,623.1,-1.7371253837836775,-0.2400000000000091
100.85,0.8499999999999943,-0.008499999999999952,7746.73281854242,622.7263278306584,-2.2771814575799,-0.27367216934158023
100.4,0.4000000000000057,-0.0040000000000000036,7731.133250311332,621.0122506445365,-8.876749688668497,0.20225064453654795
100.95,0.9500000000000028,-0.009500000000000064,7749.167370880349,623.2347053321357,-1.8326291196508464,-0.32529466786422745
100.65,0.6500000000000057,-0.00649999999999995,7749.922295180642,623.4222366681065,3.237113659362876,-0.8277633318934932
100.62,0.6200000000000045,-0.006199999999999983,7747.510615579449,623.5634650000001,1.3806155794491133,-0.4365349999999353
100.3,0.29999999999999716,-0.0029999999999998916,7743.537533212485,623.4504529360795,-0.7075812037564901,-0.22954706392044955
100.29,0.29000000000000625,-0.0029000000000001247,7741.162744513951,623.4342779006056,-2.897255486049289,-0.2557220993944611
100.22,0.21999999999999886,-0.0021999999999999797,7738.306616834499,623.4002729278599,-5.796152455684933,0.18027292785984628
100.26,0.2600000000000051,-0.0026000000000001577,7737.2969751154815,623.713195,-10.693024884518309,0.6131950000000188
100.86,0.8599999999999994,-0.008599999999999941,7744.031204193684,623.5483162965816,-6.338795806315829,0.13831629658159272
100.62,0.6200000000000045,-0.006199999999999983,7738.345415884305,622.5158112199999,-10.074584115694961,0.20581121999998686
100.55,0.5499999999999972,-0.00550000000000006,7731.6307841702,621.5340931350338,-13.369215829799941,0.2820963653898616
100.59,0.5900000000000034,-0.005900000000000016,7739.405629238276,621.5147175236001,-10.594370761724349,0.09471752360013852
100.58,0.5799999999999983,-0.005800000000000027,7742.417637167591,621.55,-7.582362832408762,-0.05000000000006821
100.45,0.45000000000000284,-0.0044999999999999485,7743.142144638405,620.97815373,-4.267855361595139,-0.02184626999996908
100.42,0.4200000000000017,-0.0041999999999999815,7748.296395434886,621.00408922,-6.693604565113674,0.4507792060154543
100.33,0.3299999999999983,-0.0033000000000000806,7744.762665734475,620.0551228800001,-2.827334265524769,-0.28487711999991916
100.31,0.3100000000000023,-0.0031000000000001027,7744.81897627965,620.197928842973,-3.6810237203499128,-0.16207115702695774
100.34,0.3400000000000034,-0.0034000000000000696,7746.448637178942,620.1701146900001,-2.4813628210586103,-0.2507031102984456
100.35,0.3499999999999943,-0.0034999999999998366,7747.243829048731,620.237709,-1.7561709512692687,-0.2622910000000047
100.32,0.3199999999999932,-0.0031999999999998696,7744.033082732037,619.9678440174989,-0.3369172679631447,-0.32146187625448874
100.32,0.3199999999999932,-0.0031999999999998696,7740.948813982521,619.958432,-3.6911860174795947,-0.09156799999993837
100.32,0.3199999999999932,-0.0031999999999998696,7740.948813982521,620.09213906,-5.071186017479704,0.04213906000006773
100.88,0.8799999999999955,-0.008799999999999919,7740.980411752948,619.24469936,-0.73958824705187,-0.40530063999995036
100.24,0.23999999999999488,-0.0023999999999999577,7734.303799048676,619.6413659686592,-8.69620095132359,0.13136596865922456
100.59,0.5900000000000034,-0.005900000000000016,7740.363590928969,619.09001541,0.0935909289682968,-0.40998459000002185
100.78,0.7800000000000011,-0.007800000000000029,7742.709948481969,619.146629003808,-0.2900515180308503,-0.05337099619202945
100.54,0.5400000000000063,-0.005400000000000071,7742.709948481969,618.813,2.7099484819691497,-0.3870000000000573
100.77,0.769999999999996,-0.00770000000000004,7728.70276736371,618.51353733,-11.32723263628941,-0.4864626700000372
100.82,0.8199999999999932,-0.008199999999999985,7739.948524450886,618.9533186695263,-1.2256046892198356,-0.5366813304736979
100.83,0.8299999999999983,-0.008299999999999974,7733.2617302144345,619.21621384,-7.618269785565644,0.006213839999986703
100.17,0.1700000000000017,-0.0017000000000000348,7731.367055158767,619.2936226400001,-9.512944841233548,0.17027137072648202
100.17,0.1700000000000017,-0.0017000000000000348,7734.932963888108,619.21708004,-5.087036111892303,0.007080040000005283
100.23,0.23000000000000398,-0.0022999999999999687,7734.724213775391,619.2471225217561,-5.285786224609183,-0.13287747824392682
100.24,0.23999999999999488,-0.0023999999999999577,7740.517865614622,619.8515000399999,-0.27213438537819457,-0.1484999600000947
100.57,0.5699999999999932,-0.005700000000000038,7746.413812906528,619.9817600399999,5.543812906527819,-0.49823996000009174
100.57,0.5699999999999932,-0.005700000000000038,7742.792109702429,620.12323772,1.7021097024289702,-0.6267622799999799
100.4,0.4000000000000057,-0.0040000000000000036,7736.972139382101,620.2279051200001,-5.037860617899241,-0.10209487999998146
100.27,0.269999999999996,-0.0026999999999999247,7731.635324526102,619.88112,-8.364675473898387,0.1511199999999917
100.19,0.18999999999999773,-0.0019000000000000128,7725.242088449636,619.74954,-14.757911550364042,0.6795399999999745
100.12,0.12000000000000455,-0.0012000000000000899,7720.457269720115,618.9150025212863,-15.012730279885545,0.707107105717796
100.04,0.04000000000000625,-0.00039999999999995595,7725.116582347538,618.8376000000001,-10.353417652462667,0.6076000000000477
100.14,0.14000000000000057,-0.0014000000000000679,7728.437019729361,618.4408000000001,-2.072980270639164,-0.08919999999989159
100.13,0.12999999999999545,-0.0012999999999998568,7728.75489018693,618.5949282,-3.2951098130697574,-0.2850717999999688
100.13,0.12999999999999545,-0.0012999999999998568,7728.875659949872,618.632798589564,-2.7743400501276483,-0.33720141043602325
100.12,0.12000000000000455,-0.0012000000000000899,7725.501947857357,618.8023929999999,-7.498052142643246,0.0823929999999109
100.11,0.10999999999999943,-0.001100000000000101,7721.065508288395,618.90708048,-10.054491711604896,0.357080480000036
100.02,0.01999999999999602,-0.00019999999999997797,7721.174266083699,618.0644759099999,-3.955733916301142,-0.015524090000099022
99.99,-0.010000000000005116,0.00010000000000010001,7725.960637300844,618.2373278700001,-1.9093626991561905,-0.03267212999992353
100.34,0.3400000000000034,-0.0034000000000000696,7725.006585732614,617.894061,2.0065857326144396,-0.17599091788076748
100.55,0.5499999999999972,-0.00550000000000006,7724.699088829728,618.19180632,-4.340911170272193,0.1618063199999824
100.32,0.3199999999999932,-0.0031999999999998696,7724.699088829728,617.6099094,1.679088829727334,-0.42009059999998044
100.51,0.5100000000000051,-0.0051000000000001044,7718.951633071574,617.6165448801687,-4.05476775083207,0.31654488016874893
100.53,0.5300000000000011,-0.005300000000000082,7720.125,617.8466205999999,-5.854999999999563,0.2366205999999238
100.51,0.5100000000000051,-0.0051000000000001044,7716.636860469478,617.196867242734,-6.433203632003824,0.16686724273404252
100.36,0.35999999999999943,-0.0036000000000000476,7706.097225349647,616.5493673743641,-13.950224420908853,0.539367374364133
100.14,0.14000000000000057,-0.0014000000000000679,7701.906108809651,615.42925848,-5.603891190348804,0.039258480000057716
100.19,0.18999999999999773,-0.0019000000000000128,7714.085458960175,615.5267019,5.06545896017451,-0.8132980999999972
100.12,0.12000000000000455,-0.0012000000000000899,7696.157557926085,615.1478671418718,-11.592442073914754,0.2878671418717431
100.33,0.3299999999999983,-0.0033000000000000806,7706.565542789917,615.6181404753677,-3.4444572100828736,-0.15185952463230024
99.95,-0.04999999999999716,0.0004999999999999449,7712.516572656315,617.377445,-2.4834273436854346,-0.2254571051723815
99.91,-0.09000000000000341,0.0009000000000000119,7711.135253936738,617.487354,-1.8647460632619186,-0.01264600000001792
100.31,0.3100000000000023,-0.0031000000000001027,7695.74776395343,615.7469174299999,-1.7622360465702513,-0.31308257000000594
100.29,0.29000000000000625,-0.0029000000000001247,7701.462682835353,616.080153,-7.537317164646993,0.04015300000003208
100.18,0.18000000000000682,-0.0018000000000000238,7712.853852247329,616.9318506,3.9038522473292687,-0.8083100124005114
99.99,-0.010000000000005116,0.00010000000000010001,7702.672200502335,617.560587,-7.197799497665073,0.35058700000001863
99.87,-0.12999999999999545,0.0012999999999999678,7700.13102888875,617.497327596802,-8.852973767920957,0.4473275968020971
99.86,-0.14000000000000057,0.0013999999999999568,7702.924797284117,617.0441756628205,-0.40194848460669164,-0.23740589233943865
99.99,-0.010000000000005116,0.00010000000000010001,7700.76541424618,617.84476,-3.0345857538204655,0.10475999999994201
100.12,0.12000000000000455,-0.0012000000000000899,7708.185319522866,618.0762245899999,1.5953195228657933,-0.34377541000003475
100.03,0.030000000000001137,-0.00029999999999996696,7699.656237544839,617.939162,-2.343762455160686,-0.2508380000000443
100.09,0.09000000000000341,-0.0009000000000001229,7701.85252089848,617.7863093604907,-0.16747910152025725,-0.4336906395093365
100.02,0.01999999999999602,-0.00019999999999997797,7702.120238184219,618.1428885160703,-3.8797618157814213,-0.13711148392962969
100.18,0.18000000000000682,-0.0018000000000000238,7712.273748822473,618.3768105486996,2.0837488224733534,-0.6232012123003869
100.21,0.20999999999999375,-0.0020999999999999908,7715.1245666864315,618.675156,2.1245666864315353,-0.6548440000000255
100.23,0.23000000000000398,-0.0022999999999999687,7710.618378297623,619.17153084,-5.491621702376506,-0.16846916000008605
100.29,0.29000000000000625,-0.0029000000000001247,7722.15097675461,619.53772,2.150976754610383,-0.6822799999999916
100.29,0.29000000000000625,-0.0029000000000001247,7719.9268465644,619.8774000000001,-0.07315343560003384,-0.6425999999999021
100.35,0.3499999999999943,-0.0034999999999998366,7722.713130056004,620.0415916759238,0.6631300560038653,-0.4784083240762129
100.37,0.37000000000000455,-0.0037000000000000366,7715.302225484221,620.4311924896961,-8.70888549861229,0.22119248969602268
100.27,0.269999999999996,-0.0026999999999999247,7713.254511512134,619.95540305,-6.755488487866387,0.1954030499999817
100.21,0.20999999999999375,-0.0020999999999999908,7709.973998183605,619.3237844395017,-2.11600181639551,-0.39621556049837636
100.24,0.23999999999999488,-0.0023999999999999577,7705.218439383032,619.3463729800001,-7.111560616967836,0.016372980000028292
100.18,0.18000000000000682,-0.0018000000000000238,7710.591485495975,619.29804,0.5914854959746663,-0.3019600000000082
100.2,0.20000000000000284,-0.0020000000000000018,7714.641279323004,619.34301632,4.561279323003873,-0.5669836800000212
100.36,0.35999999999999943,-0.0036000000000000476,7714.278946143718,619.8542793,-0.8210538562825604,-0.3057541886399804
100.44,0.4399999999999977,-0.0043999999999999595,7720.369656339009,620.4302635214442,-1.4845395247311899,-0.27973647855583295
100.31,0.3100000000000023,-0.0031000000000001027,7725.615631025327,620.512158,2.615631025327275,-0.21788110599197807
100.32,0.3199999999999932,-0.0031999999999998696,7722.484110498887,620.4246430817593,2.4741104988870575,-0.4553569182406818
100.46,0.45999999999999375,-0.0045999999999999375,7717.425080481772,620.7768902700001,-4.544919518228198,-0.11310972999990554
100.48,0.480000000000004,-0.0048000000000001375,7719.950279676819,620.81550012,-2.019720323180991,-0.25449988000002577
100.31,0.3100000000000023,-0.0031000000000001027,7723.956196939753,620.849604,1.9461969397525536,-0.5503959999999779
100.53,0.5300000000000011,-0.005300000000000082,7721.4135663588095,621.0203234419557,-2.6064336411909608,-0.1596765580442252
100.52,0.519999999999996,-0.005199999999999871,7719.950279676819,621.07300016,-4.069720323181173,0.003000159999942298
100.48,0.480000000000004,-0.0048000000000001375,7721.690490988192,621.08184504,-2.439509011807786,-0.12815496000007442
100.51,0.5100000000000051,-0.0051000000000001044,7720.94468614046,621.1764906114662,-4.155313859540001,0.02649061146621534
100.48,0.480000000000004,-0.0048000000000001375,7719.701678060907,621.2416001400001,-5.358321939093003,0.19160014000010506
100.48,0.480000000000004,-0.0048000000000001375,7722.684897451833,621.4092340936755,-4.17136195076273,0.1192340936755727
100.55,0.5499999999999972,-0.00550000000000006,7723.306401491611,621.27120908,-1.8335985083895139,-0.06879092000008313
100.49,0.4899999999999949,-0.004899999999999904,7720.69608452455,621.0821999377455,-3.3339154754494302,-0.04780006225450961
100.48,0.480000000000004,-0.0048000000000001375,7717.933100473591,621.30553536,-5.136899526408342,0.4055353600000444
100.3,0.29999999999999716,-0.0029999999999998916,7717.780950800045,620.588944,-0.21904919995540695,-0.30653349186354717
100.41,0.4099999999999966,-0.0040999999999999925,7714.911486278246,620.3033797368495,-3.088535332153697,-0.3366202631505075
100.24,0.23999999999999488,-0.0023999999999999577,7715.035051956447,620.6794649999999,0.03505195644720516,-0.010535000000118089
100.34,0.3400000000000034,-0.0034000000000000696,7712.677601764291,620.3460274141096,-5.632398235709843,0.12602741410955787
100.3,0.29999999999999716,-0.0029999999999998916,7704.02138106781,619.9566150006058,-8.798618932190038,0.20661500060577964
100.29,0.29000000000000625,-0.0029000000000001247,7705.3437099265675,619.9606718515422,-7.466290073432901,0.11200245020938837
100.22,0.21999999999999886,-0.0021999999999999797,7706.155721463717,619.6584384268959,-3.3442785362831273,-0.20156157310407252
100.27,0.269999999999996,-0.0026999999999999247,7709.071470306692,619.8166519156784,-2.508529693307537,-0.2933480843215648
100.28,0.28000000000000114,-0.0027999999999999137,7711.4545386729,619.83102052687,-0.6682484875191221,-0.40897947312998895
100.29,0.29000000000000625,-0.0029000000000001247,7716.933670090412,620.02465875,-2.016329909587512,-0.23534125000003314
100.29,0.29000000000000625,-0.0029000000000001247,7712.002497883723,620.14166373,-7.827502116277174,0.12166373000002295
100.25,0.25,-0.0024999999999999467,7714.047592392182,619.6727316793359,-0.23240760781754943,-0.4672683206640613
100.17,0.1700000000000017,-0.0017000000000000348,7705.2076335498,619.6886697541435,-9.84764089734199,0.3286697541434478
100.22,0.21999999999999886,-0.0021999999999999797,7707.361375483645,619.7946429605333,-10.508624516354757,0.2846429605333469
100.24,0.23999999999999488,-0.0023999999999999577,7706.22916563013,619.63250598,-8.030834369869808,0.08250598000006448
100.22,0.21999999999999886,-0.0021999999999999797,7705.338042883438,619.4692805,-5.161957116562007,-0.0707194999999956
100.24,0.23999999999999488,-0.0023999999999999577,7705.538025726523,619.6685818511155,-9.431974273476953,0.1285818511155412
100.22,0.21999999999999886,-0.0021999999999999797,7706.382078933295,619.4588961363313,-4.63792106670553,-0.11110386366874536
100.21,0.20999999999999375,-0.0020999999999999908,7705.242805012888,619.4757639331012,-5.817194987112089,-0.0642360668987294
100.34,0.3400000000000034,-0.0034000000000000696,7703.606528170874,620.498732,-10.393471829125701,0.518732
100.31,0.3100000000000023,-0.0031000000000001027,7705.360250609119,620.1056565,-11.139749390880752,0.2556564999999864
100.3,0.29999999999999716,-0.0029999999999998916,7707.240032830104,620.0358939221113,-6.759991083295972,0.26589392211133145
100.38,0.37999999999999545,-0.0038000000000000256,7710.977282549208,620.0742231616086,-3.4127174507921154,0.01422316160869741
100.36,0.35999999999999943,-0.0036000000000000476,7712.702902864616,620.1239850000001,-2.2970971353843197,-0.07601499999998396
100.21,0.20999999999999375,-0.0020999999999999908,7716.042196780218,620.0947325000001,1.0221967802172003,-0.10530719280029643
100.32,0.3199999999999932,-0.0031999999999998696,7713.649427074909,619.8507559999999,-0.3505729250910008,-0.149244000000067
100.19,0.18999999999999773,-0.0019000000000000128,7712.682574833909,619.2783216827632,2.6400992327180575,-0.6516783172367013
100.36,0.35999999999999943,-0.0036000000000000476,7713.810025357784,619.7560327900001,-2.1799746422157114,-0.256875618182562
100.34,0.3400000000000034,-0.0034000000000000696,7716.390423572743,619.9069988198949,-1.4695764272564702,-0.21300118010515234
100.34,0.3400000000000034,-0.0034000000000000696,7712.931988608808,619.8167170036452,-3.0880113911925946,-0.40328299635484655
100.26,0.2600000000000051,-0.0026000000000001577,7717.124533900362,619.73609754,1.0945339003619665,-0.5663724949110929
100.24,0.23999999999999488,-0.0023999999999999577,7714.395861314232,619.65422523,1.785861314232534,-0.6757747700000891
100.3,0.29999999999999716,-0.0029999999999998916,7710.319342673688,619.7329499105024,-4.518823771007192,-0.2670500894976158
100.23,0.23000000000000398,-0.0022999999999999687,7707.045197248107,619.57874,-8.754802751893294,0.07874000000003889
100.23,0.23000000000000398,-0.0022999999999999687,7707.696087353944,619.3613654836471,-4.753912646056051,-0.048634516352876744
100.2,0.20000000000000284,-0.0020000000000000018,7706.217989153354,619.42261504,-8.022010846645571,0.21258717554962914
100.18,0.18000000000000682,-0.0018000000000000238,7710.6185995296,618.53157954,-1.8414004704000035,-0.6696470952244908
100.17,0.1700000000000017,-0.0017000000000000348,7710.711705142796,618.69138414,-2.2982948572043824,-0.32455154886372384
100.14,0.14000000000000057,-0.0014000000000000679,7710.418348737299,618.88420939,-2.591651262700907,-0.11579060999997637
100.19,0.18999999999999773,-0.0019000000000000128,7712.737464964185,618.5988280199999,-0.27253503581505356,-0.5411719800000583
100.16,0.1599999999999966,-0.0016000000000000458,7705.738766563713,618.6291686323232,-4.380988064173835,-0.11083136767683754
100.09,0.09000000000000341,-0.0009000000000001229,7708.022155327246,618.453044,-2.977844672754145,-0.3069560000000138
100.06,0.060000000000002274,-0.0005999999999999339,7705.048693616281,618.253271544282,-0.45130638371938403,-0.44672845571801645
100.13,0.12999999999999545,-0.0012999999999998568,7708.880780103865,618.15245436,1.8207801038643083,-0.8475456400000212
100.15,0.15000000000000568,-0.0015000000000000568,7707.306140744061,618.79679678,-0.48385925593902357,-0.2232032199999594
100.13,0.12999999999999545,-0.0012999999999998568,7706.956166997058,618.852828,0.19616699705784413,-0.16717199999993682
100.24,0.23999999999999488,-0.0023999999999999577,7704.789517564052,618.9716568,-2.4904824359473423,-0.20834319999994477
100.12,0.12000000000000455,-0.0012000000000000899,7708.9716544533,618.56431245,3.0216544533004708,-0.8156875500000069
100.08,0.0799999999999983,-0.0007999999999999119,7705.399938683257,618.6267714187843,-0.5500613167432675,-0.7332756525757986
100.24,0.23999999999999488,-0.0023999999999999577,7705.264461075947,619.0169681320656,-0.37292495551628235,-0.36303186793441
100.4,0.4000000000000057,-0.0040000000000000036,7709.287645243647,620.0023687199999,-2.472354756353525,-0.10763128000007782
100.18,0.18000000000000682,-0.0018000000000000238,7713.323306775384,620.2098350396798,0.31330677538335294,-0.3501649603201713
100.46,0.45999999999999375,-0.0045999999999999375,7715.5432076114585,620.85928525,-4.186792388541107,-0.160714750000011
100.24,0.23999999999999488,-0.0023999999999999577,7718.99784910238,620.15518042,6.967849102380569,-0.8648195800000167
100.24,0.23999999999999488,-0.0023999999999999577,7717.03740524419,620.0429210595698,6.019856934653944,-0.947078940430174
100.13,0.12999999999999545,-0.0012999999999998568,7708.58525830892,619.9203819953742,1.2003618078488216,-0.2596180046257359
100.14,0.14000000000000057,-0.0014000000000000679,7706.218749862919,619.4959727153621,1.128749862918994,-0.5892324674208567
100.1,0.09999999999999432,-0.0009999999999998899,7709.251062382048,619.726374130007,1.78676705574253,-0.513710842878254
100.12,0.12000000000000455,-0.0012000000000000899,7712.244973012555,619.66566053,6.014973012555856,-0.8143394700000499
100.36,0.35999999999999943,-0.0036000000000000476,7713.69273979072,620.3313122999999,-1.0072602092795933,-0.3586877000001323
100.4,0.4000000000000057,-0.0040000000000000036,7712.283616380421,620.4939832903041,-3.3839201814298576,-0.19601670969598217
100.46,0.45999999999999375,-0.0045999999999999375,7717.7046572891295,620.78433277,-1.2853427108702817,-0.30566723000004004
100.44,0.4399999999999977,-0.0043999999999999595,7715.665468389368,620.73313337,-1.3445316106326572,-0.3668666300000041
100.55,0.5499999999999972,-0.00550000000000006,7723.093410577305,621.3861459999999,-0.786589422695215,-0.3738540000000512
100.52,0.519999999999996,-0.005199999999999871,7715.836272415677,620.837477,-1.2237275843235693,-0.4725229999999101
100.3,0.29999999999999716,-0.0029999999999998916,7720.735391002771,620.88383692,2.715391002770957,-0.22616307999999208
100.31,0.3100000000000023,-0.0031000000000001027,7722.729194121887,620.8493692966919,2.7385287895504007,-0.3206307033080975
100.65,0.6500000000000057,-0.00649999999999995,7718.886126820527,621.31214912,-11.953873179472794,0.012149120000003677
100.61,0.6099999999999994,-0.006099999999999994,7728.741919443064,621.3548638994157,-1.2380805569355289,-0.34513610058434097
100.52,0.519999999999996,-0.005199999999999871,7724.257356682971,621.09129292,-0.6626433170295059,-0.4024539987118487
100.25,0.25,-0.0024999999999999467,7718.343401319149,620.4454520400001,3.1834013191491977,-0.5645479599999135
100.44,0.4399999999999977,-0.0043999999999999595,7712.2412979204455,620.50428372,-2.9787020795547505,-0.3157162800000606
100.25,0.25,-0.0024999999999999467,7718.072408991446,620.4769064,3.672408991445991,-0.30309360000001107
100.56,0.5600000000000023,-0.005600000000000049,7721.427772739132,621.1756976634264,-0.7002175074640036,-0.3143023365736326
100.54,0.5400000000000063,-0.005400000000000071,7716.64203296362,621.3838905800001,-7.497967036380032,0.09389058000010664
100.55,0.5499999999999972,-0.00550000000000006,7718.817574684339,621.75801831,-9.012425315660948,0.288018309999984
100.54,0.5400000000000063,-0.005400000000000071,7712.902024090401,621.61400028,-13.137975909598936,0.49400028000002294
100.51,0.5100000000000051,-0.0051000000000001044,7717.30623501497,621.64798176,-11.653764985029738,0.427981759999966
100.5,0.5,-0.004999999999999893,7723.446843957082,621.24699589,-4.563156042918308,0.026995889999966494
100.47,0.46999999999999886,-0.0046999999999999265,7721.894761060028,621.2201831242716,-4.375238939972405,0.07096854460291979
100.39,0.39000000000000057,-0.0039000000000000146,7726.97891805887,621.19452,0.6789180588693853,-0.4254799999999932
100.56,0.5600000000000023,-0.005600000000000049,7724.341538628168,621.4130670000001,-2.6584613718323453,-0.30693299999995816
100.56,0.5600000000000023,-0.005600000000000049,7723.940862218909,621.4338883400001,-2.0691377810908307,-0.26611165999997866
100.52,0.519999999999996,-0.005199999999999871,7718.5879399007645,621.0164347199999,-3.1920600992352774,-0.11377397969442882
100.3,0.29999999999999716,-0.0029999999999998916,7705.547546850922,620.1256222813084,-10.52954095316636,0.07562228130848325
100.37,0.37000000000000455,-0.0037000000000000366,7711.785399082625,620.1493836,-3.4346009173750645,-0.2406164000000217
100.25,0.25,-0.0024999999999999467,7718.903462423074,620.3574040000001,0.9034624230744157,-0.5125959999999168
100.41,0.4099999999999966,-0.0040999999999999925,7718.002288215689,620.4882326014767,-1.707711784310959,-0.1317673985232659
100.24,0.23999999999999488,-0.0023999999999999577,7716.387443678276,619.88423816,-5.3325563217240415,-0.06576184000005014
100.39,0.39000000000000057,-0.0039000000000000146,7722.899214578226,620.0657504999999,-0.6007854217741624,-0.3842495000001236
100.47,0.46999999999999886,-0.0046999999999999265,7723.646049863703,620.12466106,-0.6839501362965166,-0.3853389399999969
100.48,0.480000000000004,-0.0048000000000001375,7721.113127434838,621.1875555482031,-8.846872565161902,0.25755554820318594
100.52,0.519999999999996,-0.005199999999999871,7721.282943809051,621.143064,-4.377056190948679,0.04306399999995847
100.51,0.5100000000000051,-0.0051000000000001044,7723.19818979772,621.19099016,-2.961810202279594,-0.009009840000089753
100.51,0.5100000000000051,-0.0051000000000001044,7723.300307057346,621.5630976,-3.7396929426540737,0.29309760000001006
100.51,0.5100000000000051,-0.0051000000000001044,7724.8374706328395,621.500919835898,-1.3335097863255214,0.06091983589794836
100.5,0.5,-0.004999999999999893,7720.68871276305,621.53864824,-5.95128723695052,0.03864824000004319
100.39,0.39000000000000057,-0.0039000000000000146,7727.617178279936,621.65014506,-0.3128217200646759,-0.3998549399999547
100.39,0.39000000000000057,-0.0039000000000000146,7731.404445548243,622.1055712,1.4644455482430203,-0.5044288000000279
100.45,0.45000000000000284,-0.0044999999999999485,7733.6825641152955,622.8159656400001,-0.08743588470497343,-0.19403435999993235
100.43,0.4300000000000068,-0.0042999999999999705,7732.054256588861,622.855746,1.0542565888608806,-0.174254000000019
100.44,0.4399999999999977,-0.0043999999999999595,7736.89109525287,623.07778522,3.2310952528705457,-0.3222147799999675
100.51,0.5100000000000051,-0.0051000000000001044,7737.720713925732,623.2756593600001,1.7007139257311792,-0.3843406399998912
100.26,0.2600000000000051,-0.0026000000000001577,7735.685223776918,623.67957,-1.3147762230819353,0.059570000000007894
100.48,0.480000000000004,-0.0048000000000001375,7738.479690065395,623.32126974,2.4696900653943885,-0.6787302599999521
100.51,0.5100000000000051,-0.0051000000000001044,7737.423586742223,623.4142023986788,-0.02788337331094226,-0.5857976013212465
100.37,0.37000000000000455,-0.0037000000000000366,7737.824092877694,624.11778108,-1.155907122305507,0.07774363759972402
100.55,0.5499999999999972,-0.00550000000000006,7743.882004148844,623.846418,3.8520041488445713,-0.8135819999999967
100.52,0.519999999999996,-0.005199999999999871,7738.804952716185,623.93684664,3.7949527161845253,-0.4531533599999875
100.52,0.519999999999996,-0.005199999999999871,7738.10766227479,623.7292279999999,0.1076622747896181,-0.5407720000000609
100.49,0.4899999999999949,-0.004899999999999904,7735.673645457588,623.6595432,0.07364545758719032,-0.40045679999991535
100.26,0.2600000000000051,-0.0026000000000001577,7729.830911885753,623.5429596901279,-2.4190881142467333,-0.007040309872081707
100.38,0.37999999999999545,-0.0038000000000000256,7735.558429211615,623.674784539212,-2.3115707883853247,-0.3352154607879356
100.48,0.480000000000004,-0.0048000000000001375,7734.354664782657,623.60752196,0.9346647826569097,-0.3924780400000145
100.33,0.3299999999999983,-0.0033000000000000806,7730.235439900868,623.7938355000001,-3.864560099132177,-0.0361644999999271
100.52,0.519999999999996,-0.005199999999999871,7736.867961712777,623.80255574,-0.12203828722249455,-0.5574717318405646
100.52,0.519999999999996,-0.005199999999999871,7738.60894347089,623.8515807267055,3.578943470890408,-0.6084192732945439
100.52,0.519999999999996,-0.005199999999999871,7738.754473366505,624.0130675300001,1.74447336650519,-0.5044184706769101
100.42,0.4200000000000017,-0.0041999999999999815,7738.717751728582,624.36051568,-2.312248271417957,-0.16948431999992408
100.41,0.4099999999999966,-0.0040999999999999925,7740.916138677094,624.57634668,-3.173861322906305,0.02634668000007423
100.59,0.5900000000000034,-0.005900000000000016,7744.685576927656,624.7125135000001,0.635576927656075,-0.3374864999998408
100.64,0.6400000000000006,-0.006399999999999961,7748.501921187199,624.8004438,3.361921187198277,-0.8195561999999654
100.65,0.6500000000000057,-0.00649999999999995,7748.433746873683,624.9166209000001,3.2937468736827213,-0.8933790999998337
100.65,0.6500000000000057,-0.00649999999999995,7749.631483110159,624.8682501547905,4.611030026488152,-0.7517498452094742
100.58,0.5799999999999983,-0.005800000000000027,7746.669430699576,625.4172712641866,-3.3308328004250143,-0.21924529797252035
100.57,0.5699999999999932,-0.005700000000000038,7746.904408122833,625.2474601871999,-1.0856151211364704,-0.3925398128001234
100.51,0.5100000000000051,-0.0051000000000001044,7739.598811292719,624.4854638969339,1.5288027808428524,-0.5645361030660752
100.57,0.5699999999999932,-0.005700000000000038,7737.066629825796,625.0309064999999,-1.4333701742043559,-0.1163401232945489
100.42,0.4200000000000017,-0.0041999999999999815,7731.7150883897275,624.05099512,-0.20491161027257476,-0.4390048799999704
100.46,0.45999999999999375,-0.0045999999999999375,7731.583508728489,623.9242501835089,2.1113185735994193,-0.5557498164911294
100.34,0.3400000000000034,-0.0034000000000000696,7726.364363130064,623.9772079200001,-4.545636869936061,-0.07279207999988557
100.36,0.35999999999999943,-0.0036000000000000476,7724.642436970083,623.985453088077,-6.1781528665878795,-0.16454691192302562
100.42,0.4200000000000017,-0.0041999999999999815,7729.326286343776,623.69600475,-1.6437136562244632,-0.7639952499999936
100.39,0.39000000000000057,-0.0039000000000000146,7728.416494563059,624.2327277399999,-5.5635054369404315,-0.017272260000140705
100.23,0.23000000000000398,-0.0022999999999999687,7722.70728837699,623.6701452717723,-6.696653618998425,0.10014527177224863
100.28,0.28000000000000114,-0.0027999999999999137,7719.503105590062,621.12612158,3.363105590061423,-0.2938784199999418
100.28,0.28000000000000114,-0.0027999999999999137,7719.067201729428,620.68378728,1.8072017294280158,-0.6162127199999077
100.25,0.25,-0.0024999999999999467,7718.729827697502,620.5394729944452,6.929827697501423,-1.2505270055547726
100.25,0.25,-0.0024999999999999467,7716.5519117569,620.3604577585586,3.5038232506394706,-0.6599235477249294
100.26,0.2600000000000051,-0.0026000000000001577,7718.809467543936,620.279366064083,1.4923158912715735,-0.32063393591704425
100.39,0.39000000000000057,-0.0039000000000000146,7717.571011249923,620.7407524800001,-2.508988750077151,-0.09924751999994896
100.26,0.2600000000000051,-0.0026000000000001577,7719.155143537468,620.59264509,0.24514353746781126,-0.4519819833069505
100.5,0.5,-0.004999999999999893,7719.470511466037,621.24387699,-7.539488533962867,0.17387698999993972
100.31,0.3100000000000023,-0.0031000000000001027,7712.015123061425,620.4087383152729,-8.832843029956166,0.3087383152728762
100.32,0.3199999999999932,-0.0031999999999998696,7723.267000609052,620.822440094355,2.3631092754148995,-0.5375599056450255
100.27,0.269999999999996,-0.0026999999999999247,7718.75661342728,620.0125458880175,-2.2533973821336986,-0.027454111982478935
100.39,0.39000000000000057,-0.0039000000000000146,7715.977951149104,620.0560980449991,-4.997518853872862,-0.05390195500092432
100.4,0.4000000000000057,-0.0040000000000000036,7712.314291042457,620.455542,-8.635708957543102,0.11554200000000492
100.39,0.39000000000000057,-0.0039000000000000146,7711.391461065191,620.917927,-6.668538934809476,0.4979270000000042
100.42,0.4200000000000017,-0.0041999999999999815,7713.164285186448,620.246158,-3.835714813551931,-0.3138419999999087
100.33,0.3299999999999983,-0.0033000000000000806,7708.287104871303,619.9785486156863,-3.7128951286968004,-0.1914513843136092
100.22,0.21999999999999886,-0.0021999999999999797,7698.903884870629,619.2806095799999,-4.1661151293710645,-0.21939042000008158
100.0,0.0,0.0,7690.05884328776,618.1297104,-4.8211567122398264,-0.0202895999999555
100.09,0.09000000000000341,-0.0009000000000001229,7701.9058519108285,618.5299832224408,-0.1141565613943385,-0.5800167775591945
100.24,0.23999999999999488,-0.0023999999999999577,7703.515179812531,619.1822894660799,-3.4848201874692677,-0.21114505156685937
100.08,0.0799999999999983,-0.0007999999999999119,7704.765103175493,618.7744255038646,4.255794434722702,-0.6655744961354912
100.07,0.06999999999999318,-0.0006999999999999229,7696.528555431132,618.6032411569679,-5.671444568867628,0.03324115696784702
99.97,-0.030000000000001137,0.00029999999999996696,7696.263369566572,617.96472336,-2.696630433428254,-0.14527664000002005
99.96,-0.04000000000000625,0.00040000000000006697,7696.550865396588,617.9129631787341,-1.4291346034115122,-0.19703682126589683
100.04,0.04000000000000625,-0.00039999999999995595,7698.475943819106,617.890944,-0.5240561808941493,-0.3890559999999823
99.99,-0.010000000000005116,0.00010000000000010001,7696.704062955262,617.7227350000001,-0.2959370447379115,-0.4072649999999385
99.93,-0.06999999999999318,0.0006999999999999229,7687.615917945654,617.56878335616,-7.384082054346436,-0.031216643840025426
99.88,-0.12000000000000455,0.0012000000000000899,7688.912732415319,617.2059510597904,-3.937267584681649,-0.39404894020958636
99.78,-0.21999999999999886,0.0021999999999999797,7680.593655146952,616.8464169385195,-4.912592451751152,-0.1535830614805036
99.72,-0.28000000000000114,0.0028000000000000247,7684.819325164844,616.5221144,-0.3806748351562419,-0.007885600000008708
99.75,-0.25,0.0024999999999999467,7681.779085276922,616.1672091927492,-0.33693622314604,-0.07279080725083986
99.97,-0.030000000000001137,0.00029999999999996696,7694.157518970308,616.99730533,1.787518970308156,-0.5126946699999735
99.97,-0.030000000000001137,0.00029999999999996696,7692.413122842868,616.90827334,1.1531228428675604,-0.4617266599999539
99.96,-0.04000000000000625,0.00040000000000006697,7696.892894312303,617.665568,0.8928943123028148,-0.5944319999999834
100.06,0.060000000000002274,-0.0005999999999999339,7698.486200676572,618.16252,-3.5137993234284295,-0.28748000000007323
100.05,0.04999999999999716,-0.0004999999999999449,7697.785302575722,618.380185,-7.2146974242778015,0.04018499999995129
100.1,0.09999999999999432,-0.0009999999999998899,7699.087502645371,618.43412,-5.912497354628613,-0.025880000000029213
100.08,0.0799999999999983,-0.0007999999999999119,7698.529228778339,618.93605,-4.47077122166138,0.23604999999997744
100.13,0.12999999999999545,-0.0012999999999998568,7699.380396645682,618.4162601,-3.6696033543184967,-0.41373989999999594
99.97,-0.030000000000001137,0.00029999999999996696,7697.573117610454,617.9057497800001,1.5531176104532278,-0.5942502199999353
99.97,-0.030000000000001137,0.00029999999999996696,7694.22217797633,617.89311,-0.7778220236696143,-0.40688999999997577
99.97,-0.030000000000001137,0.00029999999999996696,7693.868153476621,618.1401925800001,-0.4718465233790994,-0.06980741999996098
99.96,-0.04000000000000625,0.00040000000000006697,7695.7349628504935,618.2932500000001,0.7349628504935026,-0.06674999999995634
100.02,0.01999999999999602,-0.00019999999999997797,7693.53273446637,618.2069343300001,-0.2972655336297976,-0.15306566999993265
99.98,-0.01999999999999602,0.00019999999999997797,7685.595390044159,617.7734965448828,-2.744620719516206,-0.2371461855304915
99.97,-0.030000000000001137,0.00029999999999996696,7682.34305455717,617.9394704,-7.2969454428302924,0.17921835389427088
99.97,-0.030000000000001137,0.00029999999999996696,7690.392920706436,617.52593272,-1.5670792935643476,-0.3740672799999629
99.96,-0.04000000000000625,0.00040000000000006697,7698.032431894267,617.98030101,2.0424318942668833,-0.5796989899999971
100.0,0.0,0.0,7697.203231821008,618.6731980418488,3.6032318210072845,-0.5668019581512453
99.99,-0.010000000000005116,0.00010000000000010001,7699.152437054159,618.7834904868863,3.152437054159236,-0.7365095131136741
100.17,0.1700000000000017,-0.0017000000000000348,7696.598504236341,619.10877509,-0.7914957636594409,-0.4212249099999781
100.05,0.04999999999999716,-0.0004999999999999449,7704.245369863512,619.4640452716105,4.195369863511587,-0.9059547283894744
100.14,0.14000000000000057,-0.0014000000000000679,7708.1370555858575,621.18017,1.1870555858577063,-0.619829999999979
100.18,0.18000000000000682,-0.0018000000000000238,7716.792011002218,622.4088387508613,-0.6479889977817948,-0.42116124913877684
100.24,0.23999999999999488,-0.0023999999999999577,7719.418287954254,622.77023,4.418287954254083,-0.8197700000000623
100.09,0.09000000000000341,-0.0009000000000001229,7706.752491180294,622.8889200195529,-8.762051003138367,0.2989200195528383
99.92,-0.0799999999999983,0.0008000000000000229,7701.786343699113,621.0959939,-5.553656300887269,0.055993900000089525
100.19,0.18999999999999773,-0.0019000000000000128,7713.38956519798,621.715482280715,-0.010626865680023911,-0.2845388672849367
99.93,-0.06999999999999318,0.0006999999999999229,7701.002689538069,621.88457028,-12.00731046193141,0.5445702800000163
99.93,-0.06999999999999318,0.0006999999999999229,7706.152816853961,621.65847502,-6.827183146038806,0.0984750200000235
99.94,-0.060000000000002274,0.0006000000000000449,7709.75875691446,621.50565855,-0.7512430855404091,-0.08434145000001081
100.19,0.18999999999999773,-0.0019000000000000128,7712.86686578014,621.4867261258509,3.6438067614471947,-0.548273732451662
100.22,0.21999999999999886,-0.0021999999999999797,7713.393476752256,621.8270783099999,1.383476752255774,-0.6129216900001211
100.08,0.0799999999999983,-0.0007999999999999119,7713.393476752256,622.0832465999999,-1.5065232477436439,-0.356753400000116
100.22,0.21999999999999886,-0.0021999999999999797,7712.025767808305,622.0881792178151,-0.35294331373734167,-0.44182078218489096
100.1,0.09999999999999432,-0.0009999999999998899,7712.873372399866,622.1528958426221,-1.1566276001340157,-0.40710415737783023
100.1,0.09999999999999432,-0.0009999999999998899,7705.439442849746,622.5975292500001,-9.810557150253771,0.10752925000008418
100.1,0.09999999999999432,-0.0009999999999998899,7714.933247467367,622.77829053,-2.556752532632345,-0.17170946999999614
100.1,0.09999999999999432,-0.0009999999999998899,7714.01140420021,622.60681357,-2.118595799790455,0.08681357000000389
100.1,0.09999999999999432,-0.0009999999999998899,7716.363726474123,622.5740095781691,-3.9562735258768953,-0.20599042183084748
100.17,0.1700000000000017,-0.0017000000000000348,7717.455757942402,622.7505558,-5.624242057598167,-0.19944420000001628
100.14,0.14000000000000057,-0.0014000000000000679,7718.786745780665,622.92505856,-4.733254219335322,-0.07494143999997505
100.14,0.14000000000000057,-0.0014000000000000679,7718.709357775438,623.0289750000001,-6.290642224562362,-0.1410249999998996
100.1,0.09999999999999432,-0.0009999999999998899,7714.364584113016,622.4790399999999,-5.635415886984447,-0.20132613585030867
99.91,-0.09000000000000341,0.0009000000000000119,7713.307192137787,621.7191964948336,-7.993708250031887,0.11919649483354533
100.04,0.04000000000000625,-0.00039999999999995595,7714.652864982926,622.30454,-6.2471350170735604,0.14093039772194516
100.01,0.010000000000005116,-9.999999999998899e-05,7712.953894598515,622.038392061236,-4.64402179399076,-0.11160793876399566
100.2,0.20000000000000284,-0.0020000000000000018,7714.218280291172,620.6661009999999,3.21828029117205,-0.34389900000007856
100.24,0.23999999999999488,-0.0023999999999999577,7700.999403341288,619.506171838082,-7.420596658712384,-0.023828161918004298
100.09,0.09000000000000341,-0.0009000000000001229,7703.595011005135,618.92522888,-0.3249889948647251,-0.5747711200000367
100.14,0.14000000000000057,-0.0014000000000000679,7705.7862208892275,618.7406733179567,-0.440794815605841,-0.7593266820432518
100.19,0.18999999999999773,-0.0019000000000000128,7706.73041009935,618.9571765,-3.7295899006503532,-0.06282350000003589
100.12,0.12000000000000455,-0.0012000000000000899,7704.226403823177,618.4624967531277,0.02469032066528598,-0.587503246872302
100.16,0.1599999999999966,-0.0016000000000000458,7704.332457963583,618.653092,-1.6675420364172169,-0.3669079999999667
100.15,0.15000000000000568,-0.0015000000000000568,7706.181075900526,618.9156141400001,-3.0889240994747524,-0.21438585999987936
100.12,0.12000000000000455,-0.0012000000000000899,7709.829597082364,618.8923323600001,0.8495970823641983,-0.5076676399999087
100.12,0.12000000000000455,-0.0012000000000000899,7708.7402799377915,619.1181641463405,-0.24991509965548175,-0.4718358536595133
100.13,0.12999999999999545,-0.0012999999999998568,7704.551106689878,618.9539012082104,-0.10939257209156494,-0.6460987917896546
100.12,0.12000000000000455,-0.0012000000000000899,7708.891051760695,618.9642629042627,3.909750125467326,-0.7457798557278466
100.12,0.12000000000000455,-0.0012000000000000899,7704.74472980536,618.950355,-0.25527019463970646,-0.549645000000055
100.13,0.12999999999999545,-0.0012999999999998568,7709.96828555438,619.30623066,0.05828555437983596,-0.6137693399999762
100.29,0.29000000000000625,-0.0029000000000001247,7705.576783822823,619.2528822283169,-4.333216177176837,-0.2677856142541941
100.24,0.23999999999999488,-0.0023999999999999577,7706.019180774445,619.1488060300001,-2.410819225555315,-0.36119396999993114
100.22,0.21999999999999886,-0.0021999999999999797,7706.4705455059275,619.19792737,-1.419454494072852,-0.30207262999999784
100.2,0.20000000000000284,-0.0020000000000000018,7713.930348258707,619.591721,1.3303482587070903,-0.6082790000000386
100.22,0.21999999999999886,-0.0021999999999999797,7716.030657247315,619.4945337281634,4.736421435680313,-0.8654662718365671
100.3,0.29999999999999716,-0.0029999999999998916,7712.488000444557,619.87330145,-4.961999555443072,-0.15669854999998734
100.32,0.3199999999999932,-0.0031999999999998696,7712.471358708721,619.9118887,-4.978641291279018,-0.1881113000000596
100.23,0.23000000000000398,-0.0022999999999999687,7712.68656716418,619.6394011122354,0.6450334138789913,-0.4605988877646041
100.33,0.3299999999999983,-0.0033000000000000806,7712.072656488748,619.78999394,-0.30734351125192916,-0.28000606000000516
100.24,0.23999999999999488,-0.0023999999999999577,7706.78628968106,619.5756,-3.213710318939775,-0.07309029422594904
100.29,0.29000000000000625,-0.0029000000000001247,7705.913676225995,619.5731892,-4.05632377400525,0.033189200000038
100.13,0.12999999999999545,-0.0012999999999998568,7711.156305610498,619.75903232,1.1763056104982752,-0.24106812000093214
100.45,0.45000000000000284,-0.0044999999999999485,7705.679883693477,619.76564235,-1.4101163065233777,-0.3643576499999881
99.89,-0.10999999999999943,0.0010999999999999899,7692.065817076725,614.73555,3.06581707672467,-0.6144500000000335
99.91,-0.09000000000000341,0.0009000000000000119,7692.666269144843,614.8071378688724,4.61626914484259,-0.9028621311276765
99.88,-0.12000000000000455,0.0012000000000000899,7688.563262147556,615.2798601809341,2.5609114138569566,-0.7201398190659347
99.87,-0.12999999999999545,0.0012999999999999678,7686.894364106117,614.99310196,3.5143641061167727,-0.8578138090897482
99.87,-0.12999999999999545,0.0012999999999999678,7687.373032114599,614.9851092913932,3.9730321145989365,-0.9148907086067766
99.87,-0.12999999999999545,0.0012999999999999678,7687.602975685256,615.0574548000001,3.80297568525566,-0.8425451999999041
99.88,-0.12000000000000455,0.0012000000000000899,7687.613613563088,615.21915216,2.753613563088038,-0.6808478399999558
99.86,-0.14000000000000057,0.0013999999999999568,7687.411068673707,615.4220206000001,0.40106867370650434,-0.4779793999998674
99.83,-0.1700000000000017,0.0017000000000000348,7687.440524066887,615.29902844,0.43052406688639167,-0.610971559999939
99.83,-0.1700000000000017,0.0017000000000000348,7688.563853287651,615.2682804,1.5538532876507816,-0.7317196000000195
99.83,-0.1700000000000017,0.0017000000000000348,7687.565338424748,615.32977648,0.5553384247477879,-0.590223519999995
99.83,-0.1700000000000017,0.0017000000000000348,7687.440709531006,615.2836544200001,0.43070953100595943,-0.6264077869145694
99.83,-0.1700000000000017,0.0017000000000000348,7687.505165263929,615.3144024600001,0.4951652639283566,-0.6084640318435959
99.83,-0.1700000000000017,0.0017000000000000348,7687.086615150177,615.3089723100001,0.8166151501764034,-0.6110609496798816
99.83,-0.1700000000000017,0.0017000000000000348,7687.085433324346,615.3643774000001,0.7954333243460496,-0.5556558596798595
99.83,-0.1700000000000017,0.0017000000000000348,7687.329633470884,614.9773629599999,5.969633470884219,-1.0926370400001133
100.0,0.0,0.0,7687.462096272983,615.7719454999999,-2.4779037270163826,-0.30805450000013934
100.0,0.0,0.0,7724.355868160342,623.0403733717105,-0.8812474219339492,-0.28962662828951125
100.14,0.14000000000000057,-0.0014000000000000679,7719.656156734261,623.212508407393,-6.35384326573967,0.2425084073929611
100.0,0.0,0.0,7719.059068487719,622.3473036698418,-1.7009606641140635,-0.47269633015821455
100.21,0.20999999999999375,-0.0020999999999999908,7718.513931888544,622.4475596167939,4.513931888543993,-0.8224403832060716
